0.8125,0.4107143,0.6,0.30357143,100,9.961961096,0.374836513,8.901946265,0.374836513,9.990910507,0.374836513,8.381696059,0.374836513,12.06607814,0.374836513,0.7625,0.37500003,139,0.52500004,0.2857143,145,10.65047438,0.419620221,11.08695987,0.36372389,10.49187028,0.391672055,8.638805317,0.36372389,12.26328996,0.419620221,0.71250004,0.33928573,221,0.5125,0.2857143,60,10.55587992,1.201647419,11.00298123,0.179554276,10.69953778,0.690600847,9.259534576,0.179554276,12.11243585,1.201647419,0.675,0.2857143,205,0.675,0.2857143,65,9.988364801,0.648152922,9.827110592,0.326512909,10.382736,0.723705175,8.987652379,0.326512909,11.44529059,1.196449693,0
0.83750004,0.42857146,0.83750004,0.42857146,83,10.80465889,0.983679732,10.84571548,0.95848724,10.40527643,0.971083486,8.940374683,0.95848724,11.98863315,0.983679732,0.7625,0.37500003,171,0.7625,0.37500003,114,10.62059676,0.273626632,10.50131024,0.823717735,10.47992445,0.548672183,9.515897742,0.273626632,12.43636425,0.823717735,0.71250004,0.33928573,196,0.4625,0.26785716,82,10.89253869,0.43148909,10.59527493,1.189277846,10.61403753,0.810383468,9.198868002,0.43148909,12.25766967,1.189277846,0.65000004,0.26785716,290,0.6125,0.26785716,82,10.02324926,0.276260084,9.315903487,0.285037119,10.40000079,0.224308584,9.315903487,0.088391502,11.61473992,0.285037119,0
0.85,0.4107143,0.85,0.4107143,72,10.78908215,0.869335412,9.542889333,0.205626297,10.32705149,0.537480855,8.434862425,0.205626297,11.77482263,0.869335412,0.8125,0.37500003,193,0.5625,0.30357143,99,9.282840006,0.573785033,11.45691861,0.910076918,10.60033805,0.741930976,8.619316836,0.573785033,12.1206989,0.910076918,0.6875,0.30357143,242,0.5,0.23214287,90,10.55553022,0.385076567,9.974088618,0.597530254,10.47593984,0.491303411,8.971392749,0.385076567,12.71704018,0.597530254,0.575,0.23214287,225,0.575,0.23214287,48,9.284555932,0.506452177,10.58799606,0.10531099,10.32599319,0.416609677,9.284555932,0.10531099,11.22268707,0.638065863,0
0.83750004,0.39285716,0.6,0.30357143,57,9.165895116,0.814283336,9.894026861,0.572532241,10.18991156,0.693407789,8.649175463,0.572532241,12.38360866,0.814283336,0.7625,0.37500003,217,0.675,0.30357143,82,9.53596235,0.447683468,11.15275922,0.370996358,10.43573305,0.409339913,9.016519683,0.370996358,12.1216624,0.447683468,0.625,0.30357143,210,0.35,0.19642858,61,11.09578951,0.831156667,9.660169072,0.831156667,10.35084817,0.831156667,9.515000539,0.831156667,11.37189617,0.831156667,0.6625,0.30357143,180,0.45000002,0.25,91,11.04143327,0.697786365,10.2856019,0.219480099,10.35608007,0.369610708,8.646690138,0.219480099,12.35660507,0.697786365,0
0.925,0.4464286,0.5625,0.2857143,106,11.09252022,0.764061998,11.49723965,0.149462421,10.23123084,0.45676221,8.029347154,0.149462421,11.95664059,0.764061998,0.8,0.37500003,175,0.6,0.30357143,109,13.25730443,1.864929792,9.646794628,0.69856714,10.92679251,1.281748466,8.268661266,0.69856714,13.63946136,1.864929792,0.71250004,0.33928573,158,0.6125,0.30357143,107,10.13034255,0.732269284,9.737916827,0.732269284,10.75841325,0.732269284,9.19339,0.732269284,12.32330263,0.732269284,0.6875,0.3214286,135,0.6375,0.30357143,88,8.612902338,0.463067588,9.853802755,0.384230959,10.33658303,0.676518853,7.852712895,0.384230959,11.73214682,1.284091586,0
0.8625,0.4464286,0.75,0.26785716,98,11.26364393,0.508528122,11.90595118,0.242199499,10.48202392,0.375363811,8.818861936,0.242199499,11.90595118,0.508528122,0.77500004,0.39285716,159,0.675,0.30357143,107,10.6222444,0.834663505,10.29637081,0.359067697,10.63324811,0.596865601,8.768680692,0.359067697,12.50575831,0.834663505,0.7375,0.33928573,184,0.65000004,0.30357143,107,10.93073223,0.189226995,9.424965436,0.178683925,10.46191086,0.18395546,8.704106605,0.178683925,12.31443042,0.189226995,0.7,0.30357143,176,0.6,0.2857143,98,8.70465523,0.499623445,11.37297001,0.139105118,10.3498597,0.440334412,8.70465523,0.139105118,12.26719605,0.682274672,0
0.9375,0.4464286,0.675,0.30357143,106,10.73041776,0.387365561,9.732493299,0.564470264,10.50587077,0.475917912,8.884538037,0.387365561,12.26686908,0.564470264,0.75,0.37500003,186,0.675,0.30357143,113,10.70043993,0.595082669,8.852698323,0.595082669,10.78640011,0.595082669,8.852698323,0.595082669,12.85975519,0.595082669,0.725,0.33928573,168,0.6875,0.30357143,97,9.260813105,0.494921562,10.42516855,0.438339953,10.34428427,0.466630758,7.531755422,0.438339953,13.12824845,0.494921562,0.7375,0.35714287,169,0.5625,0.30357143,93,11.9891323,0.665023312,9.517615475,0.554130962,10.22365907,0.407524208,7.595259376,0.160656258,12.34586948,0.665023312,0
0.725,0.35714287,0.8125,0.39285716,106,10.39774528,0.777539799,9.243605796,0.895566344,10.28712563,0.836553072,8.655965974,0.777539799,13.04050317,0.895566344,0.83750004,0.4107143,237,0.725,0.30357143,106,10.36678741,0.912529219,8.882985904,0.827511485,10.59050903,0.870020352,7.926181922,0.827511485,14.07681997,0.912529219,0.7,0.3214286,170,0.5,0.30357143,103,9.151488071,1.160238362,8.467041698,1.160238362,10.67592363,1.160238362,8.234216105,1.160238362,14.94860172,1.160238362,0.7,0.33928573,134,0.6625,0.30357143,91,9.967675444,0.78767477,11.24083659,0.909029267,10.55635648,0.984834541,7.524618038,0.452421114,13.66510553,1.790213015,0
0.8125,0.4107143,0.5125,0.25,81,9.270985158,0.449762276,10.0982878,0.449762276,10.10838312,0.449762276,8.747357699,0.449762276,11.96378244,0.449762276,0.77500004,0.37500003,150,0.6,0.30357143,107,12.08266725,0.856532378,10.0000759,0.375347209,10.82670171,0.615939793,8.238746209,0.375347209,13.10259323,0.856532378,0.675,0.30357143,177,0.6625,0.30357143,114,9.538014028,0.323661694,8.579844851,0.49929855,10.56407445,0.411480122,8.433213554,0.323661694,14.41482273,0.49929855,0.6125,0.25,152,0.38750002,0.23214287,99,8.418218914,0.686517505,10.76944369,0.145459328,10.43526201,0.522012484,8.418218914,0.145459328,12.12111779,0.882568884,0
0.7875,0.39285716,0.4875,0.23214287,106,10.7003523,0.520005173,12.37534162,0.155857073,10.58534263,0.337931123,9.241776455,0.155857073,12.37534162,0.520005173,0.7625,0.35714287,167,0.7625,0.35714287,115,11.24422468,0.228004493,10.64021748,0.410616908,10.40786292,0.319310701,8.870262639,0.228004493,13.73927421,0.410616908,0.6625,0.33928573,184,0.6,0.2857143,82,10.78932545,0.888944033,10.401053,0.499447284,10.75421587,0.694195658,8.727674028,0.499447284,13.72352095,0.888944033,0.575,0.23214287,209,0.5,0.23214287,41,9.360216359,0.149225289,11.14921658,0.271815589,10.3958637,0.259454057,9.320897251,0.149225289,11.48634815,0.357321293,0
1,0.5178572,0.85,0.35714287,65,10.39018309,1.167188383,12.15237753,1.029312897,10.6255898,1.09825064,6.467616081,1.029312897,15.38854119,1.167188383,0.9375,0.4464286,160,0.7,0.30357143,57,12.00659356,1.057413858,10.92373154,1.057413858,10.10394554,1.057413858,8.963844599,1.057413858,12.00659356,1.057413858,0.7625,0.37500003,133,0.6875,0.3214286,24,11.90669792,0.784250579,9.715665291,0.784250579,10.59258755,0.784250579,9.168511841,0.784250579,11.90669792,0.784250579,0.83750004,0.39285716,135,0.83750004,0.39285716,48,10.16562629,0.466583051,10.39312115,0.310385458,10.11536898,0.522916513,9.063928668,0.310385458,11.72893287,0.791781031,0
1.025,0.5178572,0.625,0.26785716,73,7.946305899,1.978842076,10.47846941,1.978842076,9.31481681,1.978842076,7.946305899,1.978842076,12.19075145,1.978842076,0.9125,0.4464286,160,0.52500004,0.26785716,66,11.92723165,0.426399065,10.18973055,0.426399065,11.48171186,0.426399065,9.860712082,0.426399065,13.07770545,0.426399065,0.825,0.39285716,133,0.6875,0.30357143,65,8.360274146,0.785941073,10.32643942,1.135520209,9.989192271,0.960730641,7.860411191,0.785941073,11.78455715,1.135520209,0.825,0.39285716,193,0.71250004,0.3214286,82,9.192736726,0.604554471,10.21444963,0.685677569,10.10282118,0.64511602,7.643641169,0.604554471,12.4975559,0.685677569,0
0.9125,0.46428573,0.7375,0.30357143,50,10.75083371,0.825851527,7.252207399,0.825851527,9.159457996,0.825851527,7.173335354,0.825851527,11.66632364,0.825851527,0.8875,0.4464286,167,0.675,0.30357143,74,8.836729234,1.964371424,12.67327068,1.964371424,11.10095616,1.964371424,8.24784859,1.964371424,13.15531354,1.964371424,0.75,0.33928573,125,0.575,0.30357143,65,11.38039413,0.543651997,10.74370278,0.435573582,10.24624848,0.489612789,8.42445687,0.435573582,12.34024818,0.543651997,0.8,0.39285716,126,0.5375,0.2857143,57,8.963094832,0.376180901,10.84786596,0.886436777,10.0346756,0.631308839,8.963094832,0.376180901,11.47655711,0.886436777,0
1.025,0.5178572,0.8,0.30357143,57,9.577757577,0.13728712,12.3520185,0.13728712,9.757085398,0.13728712,7.681887135,0.13728712,12.3520185,0.13728712,0.77500004,0.37500003,186,0.65000004,0.30357143,55,11.38832257,1.05396471,10.40241384,0.276995447,10.32713877,0.665480079,9.531955144,0.276995447,11.71003525,1.05396471,0.8,0.37500003,193,0.71250004,0.33928573,74,9.343575596,0.361392329,11.07280007,0.361392329,10.10980541,0.361392329,9.343575596,0.361392329,11.07280007,0.361392329,0.825,0.39285716,151,0.4875,0.25,73,11.64935625,0.833812996,9.450104451,0.29446762,10.15158518,0.619996633,8.933713966,0.29446762,11.73765502,0.833812996,0
1.0125,0.48214287,1.0125,0.48214287,74,11.04388144,1.652157756,8.583810022,1.652157756,9.778889434,1.652157756,7.929509371,1.652157756,12.69457551,1.652157756,0.925,0.4464286,168,0.9375,0.4464286,89,9.623882975,0.815868698,10.22936422,0.362971231,10.09910154,0.589419965,7.955464305,0.362971231,12.20909676,0.815868698,0.7625,0.35714287,202,0.7625,0.35714287,58,10.87512272,0.940916057,10.72503734,0.524349631,10.189663,0.732632844,8.440315473,0.524349631,12.23364285,0.940916057,0.8625,0.4107143,191,0.5,0.26785716,74,10.06478263,0.473246559,7.7572121,1.695711296,10.01666659,1.084478927,7.7572121,0.473246559,11.77560316,1.695711296,0
0.9375,0.46428573,0.90000004,0.4107143,73,9.723364512,0.392920016,10.0131558,0.392920016,9.9097575,0.392920016,8.400406181,0.392920016,10.82198529,0.392920016,0.85,0.42857146,160,0.5375,0.2857143,73,10.92340238,0.938697035,11.61684422,0.911082723,10.19264547,0.924889879,8.294414106,0.911082723,11.92707916,0.938697035,0.85,0.4107143,151,0.71250004,0.3214286,74,11.17431031,0.78180142,9.398922072,0.78180142,10.29530321,0.78180142,7.339017147,0.78180142,12.47323488,0.78180142,0.8875,0.42857146,141,0.58750004,0.26785716,91,8.650498602,0.670617237,9.565621942,0.116412919,10.05426337,0.815914465,7.697815807,0.116412919,12.40758392,1.660713239,0
1.075,0.5357143,0.83750004,0.3214286,73,10.00306273,0.726587897,7.882566584,0.726587897,9.74894092,0.726587897,6.559282129,0.726587897,14.13917733,0.726587897,0.875,0.42857146,168,0.6625,0.26785716,90,8.182380733,1.293944891,10.83255498,0.43440675,10.31033013,0.86417582,8.182380733,0.43440675,12.29384359,1.293944891,0.6875,0.3214286,176,0.6125,0.2857143,57,11.075161,0.404684301,8.585987893,1.475711568,9.976697626,0.940197934,7.455600601,0.404684301,12.48820527,1.475711568,0.75,0.35714287,193,0.675,0.30357143,73,8.944419114,0.362150372,11.2856636,0.956615362,10.07546436,0.647900295,8.020303263,0.362150372,11.70443244,0.956615362,0
1.0500001,0.5178572,1.0500001,0.5178572,65,11.80982731,0.587158962,12.30554818,1.75333771,10.00366919,1.170248336,7.698112132,0.587158962,12.30554818,1.75333771,0.925,0.4464286,169,0.5375,0.25,82,10.34025416,0.293080477,10.2396396,0.293080477,10.30784378,0.293080477,9.181758199,0.293080477,11.84612019,0.293080477,0.8125,0.4107143,167,0.475,0.26785716,64,10.43430965,0.8690746,9.482302985,0.53132863,10.04152199,0.700201615,8.268290582,0.53132863,12.06910919,0.8690746,0.83750004,0.42857146,178,0.71250004,0.3214286,64,8.964563723,0.551320885,11.04215108,0.648884885,10.15532362,0.600102885,8.064561964,0.551320885,12.70452859,0.648884885,0
1.1125001,0.5357143,0.77500004,0.3214286,92,10.34383563,3.102332911,12.06492608,1.013971729,10.3955894,2.05815232,7.323908218,1.013971729,12.63917066,3.102332911,0.95,0.46428573,148,0.875,0.37500003,82,11.63318626,0.545302445,10.39462094,1.634967507,10.14870016,1.090134976,7.871932711,0.545302445,12.90620769,1.634967507,0.8625,0.4107143,184,0.71250004,0.30357143,82,9.733249621,0.093948466,10.5338558,0.093948466,10.32729603,0.093948466,9.24736396,0.093948466,11.50669617,0.093948466,0.83750004,0.4107143,185,0.52500004,0.30357143,64,11.6591516,0.114118103,9.841803825,0.145211466,9.950854942,0.354650161,8.255203515,0.114118103,11.6591516,0.804620914,0
1.025,0.5178572,0.8,0.30357143,74,10.36346174,0.796718822,10.22947165,0.139777594,10.04145523,0.468248208,5.960323511,0.139777594,13.0144898,0.796718822,0.8625,0.4107143,166,0.7,0.30357143,74,8.02053921,0.674422579,10.26223139,0.674422579,10.12493184,0.674422579,8.02053921,0.674422579,12.29418891,0.674422579,0.6,0.2857143,151,0.375,0.21428573,48,10.31162189,0.756882512,10.73233818,0.756882512,10.03011743,0.756882512,8.313133881,0.756882512,11.3466145,0.756882512,0.8125,0.37500003,177,0.8125,0.37500003,72,10.01567442,0.939387377,11.18605809,1.717602899,10.15413389,1.034709789,7.526615679,0.44713909,11.7208268,1.717602899,0
0.83750004,0.39285716,0.7375,0.2857143,73,10.54356232,0.154935882,10.65637328,0.148406863,10.52484097,0.151671372,8.467283431,0.148406863,12.88248168,0.154935882,0.75,0.35714287,185,0.7,0.2857143,73,10.20739043,0.44301988,10.40343282,0.44301988,10.37064069,0.44301988,8.51818651,0.44301988,12.19127405,0.44301988,0.7375,0.35714287,142,0.7,0.3214286,57,10.25167696,0.180218496,9.779730317,0.180218496,10.09948099,0.180218496,8.481513952,0.180218496,11.09317089,0.180218496,0.7625,0.35714287,127,0.7625,0.35714287,63,11.88010431,0.162586274,10.56389321,0.073673565,10.46411923,0.14971218,8.495639711,0.073673565,11.88010431,0.212876702,0
0.825,0.4107143,0.825,0.4107143,65,10.68239788,0.157064054,8.323075936,0.157064054,10.30623305,0.157064054,8.323075936,0.157064054,11.9525991,0.157064054,0.7875,0.37500003,159,0.71250004,0.3214286,66,10.09777822,0.119184735,11.0457605,0.147134853,10.76017498,0.133159794,10.0799526,0.119184735,11.89981527,0.147134853,0.7375,0.35714287,159,0.6875,0.3214286,41,10.84870396,0.206950737,10.43372185,0.206950737,10.3356235,0.206950737,8.885344826,0.206950737,11.04455774,0.206950737,0.77500004,0.35714287,167,0.77500004,0.35714287,56,10.32791228,0.142170009,8.647517361,0.078828543,10.30371393,0.110788874,8.647517361,0.078828543,11.95988348,0.142170009,0
0.7875,0.35714287,0.7875,0.35714287,65,10.50122741,0.127442549,10.348421,0.127442549,10.55939242,0.127442549,8.545791533,0.127442549,12.10741034,0.127442549,0.77500004,0.35714287,159,0.675,0.2857143,74,10.85248369,0.21994847,9.639302077,0.111363038,10.55774294,0.165655754,8.7128025,0.111363038,12.13815404,0.21994847,0.725,0.3214286,151,0.6375,0.26785716,65,8.696010955,0.199004026,10.74454157,0.199004026,10.45410646,0.199004026,8.696010955,0.199004026,11.69002012,0.199004026,0.7625,0.35714287,195,0.6625,0.2857143,46,10.89231884,0.073940281,9.189050741,0.036588306,10.37618086,0.060129148,9.189050741,0.036588306,11.62805219,0.073940281,0
0.8,0.39285716,0.8,0.39285716,65,10.43623241,0.046475459,9.144948231,0.110979532,10.38025438,0.078727495,8.733276158,0.046475459,11.63102315,0.110979532,0.7625,0.35714287,167,0.675,0.30357143,57,9.607724375,0.13969899,10.64286435,0.13969899,10.60524351,0.13969899,9.607724375,0.13969899,11.50974218,0.13969899,0.75,0.35714287,184,0.675,0.30357143,65,10.39732744,0.150425825,10.7839131,0.150425825,10.28234382,0.150425825,9.503500033,0.150425825,10.88983332,0.150425825,0.77500004,0.35714287,159,0.6625,0.2857143,57,10.5558367,0.150651695,9.663363018,0.064380776,10.4243851,0.11457994,9.192874529,0.064380776,11.61116346,0.150651695,0
0.8875,0.42857146,0.8875,0.42857146,64,8.062031912,0.219720421,11.1806872,0.219720421,10.57115187,0.219720421,8.062031912,0.219720421,12.3441242,0.219720421,0.8125,0.39285716,184,0.5125,0.2857143,65,10.97363957,0.153391944,9.725414546,0.165265431,10.43220804,0.159328687,8.548113593,0.153391944,12.27676795,0.165265431,0.7875,0.35714287,178,0.7375,0.3214286,55,8.999757896,0.103996334,10.69972503,0.103996334,10.41651658,0.103996334,8.999757896,0.103996334,11.81566711,0.103996334,0.77500004,0.35714287,160,0.6875,0.2857143,66,10.80220796,0.110677801,8.851855579,0.101514522,10.33674265,0.114888457,8.788263127,0.101514522,11.5415262,0.132473047,0
0.825,0.39285716,0.825,0.39285716,56,10.50405175,0.533233023,9.945614676,0.153330044,10.53818727,0.343281534,8.579768311,0.153330044,13.42651386,0.533233023,0.7875,0.35714287,176,0.625,0.2857143,74,8.462252539,0.184538427,10.93906842,0.184538427,10.53851063,0.184538427,8.462252539,0.184538427,12.51861187,0.184538427,0.7625,0.35714287,142,0.6875,0.3214286,57,10.97302154,0.446890709,11.05136001,0.446890709,10.29408808,0.446890709,8.412369296,0.446890709,11.83496625,0.446890709,0.77500004,0.35714287,179,0.6625,0.2857143,62,10.95423454,0.114939875,10.15606439,0.146341744,10.4341934,0.138771527,8.893441955,0.114939875,12.03666077,0.15503296,0
0.90000004,0.42857146,0.55,0.2857143,65,10.44875819,0.094016275,10.72398875,0.094016275,10.48036555,0.094016275,8.001156422,0.094016275,12.39811288,0.094016275,0.77500004,0.35714287,159,0.6875,0.30357143,66,11.12710566,0.15567948,9.100634846,0.068660493,10.40647203,0.112169986,8.711690784,0.068660493,11.9300349,0.15567948,0.7625,0.35714287,158,0.6875,0.30357143,57,8.962610868,0.170246278,10.63508075,0.170246278,10.63125317,0.170246278,8.962610868,0.170246278,11.94594603,0.170246278,0.75,0.33928573,176,0.6875,0.2857143,58,10.42093094,0.081725508,10.259212,0.052861553,10.31392281,0.072959324,8.619289486,0.052861553,11.8302124,0.084290911,0
0.8125,0.35714287,0.8125,0.35714287,56,10.46213134,0.149963794,10.1933549,0.140691681,10.44360629,0.145327738,9.083338312,0.140691681,11.53520009,0.149963794,0.77500004,0.35714287,201,0.4875,0.2857143,74,10.08403413,0.257333036,10.28292958,0.257333036,10.43599591,0.257333036,9.267675642,0.257333036,12.15718774,0.257333036,0.77500004,0.35714287,142,0.725,0.3214286,58,10.4503702,0.134405714,10.29485291,0.169335494,10.43708211,0.151870604,8.874226932,0.134405714,11.60750541,0.169335494,0.77500004,0.35714287,218,0.4875,0.26785716,56,10.05782594,0.136026797,10.91575545,0.103992238,10.34367718,0.110621606,8.911938753,0.077246278,11.62271739,0.136026797,0
0.825,0.39285716,0.71250004,0.2857143,66,10.55973535,0.40307148,8.795402227,0.156517009,10.39490568,0.279794244,8.23137341,0.156517009,12.51366169,0.40307148,0.77500004,0.35714287,175,0.71250004,0.3214286,75,9.586837679,0.105209219,10.94315536,0.105209219,10.79416254,0.105209219,9.586837679,0.105209219,11.88531143,0.105209219,0.7625,0.35714287,167,0.4625,0.26785716,65,10.66182313,0.254541824,10.72305172,0.254541824,10.22471954,0.254541824,8.950670536,0.254541824,11.32817923,0.254541824,0.75,0.33928573,159,0.65000004,0.2857143,65,10.61530573,0.068515153,10.49197518,0.061496224,10.42723562,0.08897118,8.428913415,0.061496224,12.58143994,0.136902163,0
0.8,0.39285716,0.6875,0.2857143,65,10.70591381,0.109211345,8.872405365,0.093598494,10.3798505,0.101404919,8.759216256,0.093598494,11.8133261,0.109211345,0.75,0.35714287,159,0.5625,0.30357143,82,9.089878413,0.364455508,10.99074582,0.364455508,10.78147088,0.364455508,9.089878413,0.364455508,11.70975325,0.364455508,0.75,0.35714287,183,0.6625,0.30357143,57,10.68445319,0.154849597,10.17802412,0.11268991,10.34734617,0.133769753,9.493237361,0.11268991,11.06862025,0.154849597,0.7375,0.35714287,210,0.4,0.21428573,73,10.19055038,0.034203684,10.14521926,0.092983523,10.39590416,0.063593603,9.134863194,0.034203684,11.6676015,0.092983523,0
0.85,0.42857146,0.7375,0.3214286,73,7.703333521,0.178453647,10.78124734,0.178453647,10.3232911,0.178453647,7.703333521,0.178453647,13.25238044,0.178453647,0.8,0.37500003,135,0.71250004,0.3214286,73,11.74682169,0.280578104,9.934863049,0.280578104,10.56372427,0.280578104,8.443310004,0.280578104,12.18780507,0.280578104,0.75,0.35714287,134,0.6625,0.2857143,82,9.873238679,0.350439472,9.509224547,0.232142855,10.29905924,0.291291164,8.170472045,0.232142855,11.38433969,0.350439472,0.8,0.35714287,126,0.725,0.3214286,65,7.968115087,0.433077293,7.840874989,0.676536451,10.13564518,0.40566658,7.840874989,0.107385994,11.33280206,0.676536451,0
0.85,0.42857146,0.5625,0.2857143,82,8.83369953,0.454911309,11.25416122,0.454911309,10.66052618,0.454911309,8.83369953,0.454911309,13.07981447,0.454911309,0.7875,0.35714287,149,0.725,0.3214286,74,11.59164721,0.565331883,11.28838798,0.565331883,10.43323404,0.565331883,7.21968487,0.565331883,12.47202907,0.565331883,0.7625,0.35714287,135,0.6875,0.2857143,75,9.383436837,0.297498932,10.44433679,0.325946055,10.43287798,0.311722493,7.960913824,0.297498932,12.00483651,0.325946055,0.8,0.37500003,124,0.4625,0.26785716,75,7.941538869,0.634732638,10.28066642,0.238378983,10.13617609,0.43655581,7.941538869,0.238378983,11.71991728,0.634732638,0
0.875,0.42857146,0.77500004,0.3214286,74,10.11302479,0.549655515,12.35152222,0.802467657,10.48601632,0.676061586,8.004529666,0.549655515,13.2162866,0.802467657,0.8,0.39285716,141,0.5625,0.2857143,74,11.1529308,0.262652463,9.787040897,0.262652463,10.29671701,0.262652463,7.263507831,0.262652463,13.52184318,0.262652463,0.8,0.37500003,126,0.725,0.3214286,74,10.51861272,0.376652783,12.17895773,0.376652783,10.26487864,0.376652783,7.927792972,0.376652783,12.17895773,0.376652783,0.8,0.37500003,117,0.71250004,0.3214286,66,10.41826469,0.551720014,8.255195964,0.244129456,10.23219981,0.542784498,7.91177657,0.244129456,11.57055987,0.832504024,0
0.875,0.42857146,0.6625,0.2857143,72,10.39959803,0.46127812,9.22884759,0.46127812,10.19074051,0.46127812,8.015798954,0.46127812,12.71961152,0.46127812,0.825,0.39285716,134,0.7375,0.3214286,82,9.546898811,0.546571932,9.964355195,0.149593024,10.63101808,0.348082478,7.017347807,0.149593024,13.62837362,0.546571932,0.7875,0.39285716,136,0.7,0.30357143,64,7.735114018,0.354040125,10.79627814,0.354040125,10.12693275,0.354040125,7.735114018,0.354040125,11.6399788,0.354040125,0.8,0.37500003,118,0.7,0.2857143,68,10.74164163,0.342120355,10.14006377,0.205150777,10.1309088,0.273635566,7.674080743,0.205150777,11.34035543,0.342120355,0
0.8625,0.42857146,0.7375,0.3214286,64,10.42005213,0.606824778,9.980328339,0.606824778,10.19402503,0.606824778,8.628960851,0.606824778,12.43071434,0.606824778,0.83750004,0.4107143,168,0.6375,0.2857143,74,10.71939428,0.245332097,10.24603237,0.314833844,10.48568099,0.280082971,7.796636431,0.245332097,12.29902913,0.314833844,0.825,0.39285716,142,0.675,0.2857143,74,7.594773356,0.290776397,10.88721387,0.290776397,10.11927811,0.290776397,7.594773356,0.290776397,11.93797956,0.290776397,0.77500004,0.35714287,134,0.75,0.3214286,66,10.97644024,0.219889848,9.123735384,0.201683763,10.1948643,0.200600004,8.327999316,0.180226401,11.24626733,0.219889848,0
0.85,0.4107143,0.71250004,0.30357143,65,10.21774032,0.320623247,11.43907133,0.551965124,10.46663418,0.436294186,7.905504079,0.320623247,13.22939693,0.551965124,0.8,0.39285716,168,0.7,0.30357143,82,10.51377142,0.734401598,9.900974328,0.734401598,10.12689097,0.734401598,7.892623756,0.734401598,11.75763167,0.734401598,0.825,0.39285716,125,0.7,0.30357143,65,10.25530624,0.160934045,10.85043864,0.160934045,10.19758327,0.160934045,7.836658308,0.160934045,11.34382206,0.160934045,0.8,0.39285716,134,0.71250004,0.30357143,49,11.37177821,0.222743628,10.79016065,0.162862936,10.34825706,0.212218138,8.291934942,0.162862936,11.37177821,0.251047851,0
0.85,0.42857146,0.75,0.2857143,64,10.34870148,0.492994957,11.20383425,0.655030129,10.37015518,0.574012543,8.433610222,0.492994957,12.56449659,0.655030129,0.825,0.39285716,150,0.7375,0.30357143,66,10.38941791,0.170262572,9.752123191,0.170262572,9.980375322,0.170262572,7.836378461,0.170262572,12.43166438,0.170262572,0.8,0.39285716,141,0.71250004,0.3214286,58,10.59192254,0.55626266,11.62147325,0.55626266,10.54047446,0.55626266,7.939876295,0.55626266,11.79515533,0.55626266,0.8,0.37500003,134,0.75,0.33928573,57,10.59525142,0.212708364,10.18302877,0.221773841,10.25188675,0.321173858,7.907100414,0.212708364,11.18280022,0.529039371,0
0.8875,0.42857146,0.7375,0.2857143,64,10.55246986,0.473897677,10.42300008,0.473897677,10.40154711,0.473897677,8.264084427,0.473897677,12.86594621,0.473897677,0.83750004,0.39285716,134,0.7625,0.3214286,74,11.10258633,0.3294323,13.31349012,0.3294323,10.63964406,0.3294323,7.988872119,0.3294323,13.31349012,0.3294323,0.8,0.37500003,128,0.5375,0.2857143,63,10.2612316,0.291946148,8.745009509,0.291946148,10.11297412,0.291946148,7.902511807,0.291946148,11.46219107,0.291946148,0.8,0.39285716,118,0.575,0.26785716,66,10.94503004,0.348007978,8.86786505,0.158334196,10.27443198,0.347868685,7.962185809,0.158334196,11.90311182,0.537263882,0
0.8125,0.39285716,0.725,0.2857143,67,10.37023118,0.082502782,11.02564852,0.409107741,10.44080973,0.245805262,8.46561247,0.082502782,12.61254126,0.409107741,0.8,0.39285716,157,0.5125,0.2857143,82,10.21766829,0.17770573,9.708077352,0.17770573,10.0223802,0.17770573,7.997197197,0.17770573,11.6454157,0.17770573,0.8,0.37500003,127,0.7,0.30357143,66,10.8877773,0.208025308,11.41777896,0.208025308,10.64586388,0.208025308,9.205584816,0.208025308,11.66860476,0.208025308,0.77500004,0.35714287,117,0.6875,0.3214286,65,10.57306363,0.098078219,10.8086464,0.354796864,10.23338322,0.289492103,8.130600297,0.098078219,11.45249427,0.415601225,0
0.825,0.4107143,0.7375,0.2857143,72,10.45575116,0.123279486,10.71353524,0.3682828,10.42945686,0.245781143,8.676997704,0.123279486,12.20613888,0.3682828,0.8125,0.39285716,143,0.625,0.2857143,73,10.15940716,0.128774003,10.2950933,0.128774003,10.16919183,0.128774003,7.931465078,0.128774003,11.7566741,0.128774003,0.7875,0.39285716,118,0.7,0.2857143,57,10.48590072,0.365318453,10.1826328,0.365318453,10.2359212,0.365318453,8.95138663,0.365318453,11.1248393,0.365318453,0.8125,0.37500003,109,0.5375,0.2857143,66,10.56350721,0.336016154,9.864868707,0.463495979,10.16131109,0.399756067,8.847841225,0.336016154,10.96596076,0.463495979,0
0.7,0.30357143,0.71250004,0.30357143,132,11.96544934,0.878189334,10.42939054,0.699617496,10.45139005,0.788903415,9.198547539,0.699617496,12.09695989,0.878189334,0.875,0.4107143,117,0.875,0.4107143,89,8.878188908,0.781019391,10.218593,0.781019391,10.65544903,0.781019391,8.878188908,0.781019391,12.43523257,0.781019391,0.8,0.37500003,103,0.5,0.26785716,74,9.718527542,1.073533242,10.50737381,1.073533242,10.37673562,1.073533242,8.331512247,1.073533242,12.72413266,1.073533242,0.85,0.4107143,108,0.85,0.4107143,65,10.34001858,1.401002726,10.14788498,0.352623485,10.30302265,1.404327676,9.232954898,0.352623485,11.98104748,2.459356817,0
0.75,0.37500003,0.75,0.37500003,37,10.59924837,0.54445256,9.427827408,0.54445256,10.22450136,0.54445256,9.427827408,0.54445256,10.79837039,0.54445256,0.8625,0.42857146,151,0.8625,0.42857146,90,10.51780221,0.183423239,11.5171067,0.183423239,10.71408405,0.183423239,9.201015731,0.183423239,11.5171067,0.183423239,0.8,0.37500003,111,0.58750004,0.30357143,80,10.98492413,1.097263795,9.884052087,1.37025007,10.24551284,1.233756933,8.491824105,1.097263795,12.67565987,1.37025007,0.8,0.37500003,144,0.725,0.30357143,67,9.941417945,0.578320032,10.38692508,0.593380997,10.42262745,0.585850514,9.75134153,0.578320032,11.15096619,0.593380997,0
0.925,0.4464286,0.925,0.4464286,81,9.889892349,0.478204059,11.10231558,1.327637496,10.45269918,0.902920777,8.876447779,0.478204059,12.9410478,1.327637496,0.8625,0.4107143,267,0.71250004,0.2857143,83,10.83900746,0.360910184,10.31510254,0.929084808,10.34349437,0.644997496,8.491983308,0.360910184,11.36966696,0.929084808,0.7875,0.37500003,150,0.6875,0.30357143,73,9.052529875,0.526249406,9.882941279,0.526249406,10.20184114,0.526249406,9.052529875,0.526249406,11.42786494,0.526249406,0.75,0.35714287,143,0.75,0.35714287,65,10.1151164,0.355173175,10.11445045,1.747406889,10.36955411,1.051290032,9.815287538,0.355173175,11.08601605,1.747406889,0
0.8125,0.4107143,0.8125,0.4107143,60,10.21500819,0.547014482,10.05013846,0.547014482,10.12683211,0.547014482,9.653866933,0.547014482,10.62721437,0.547014482,0.725,0.33928573,135,0.725,0.33928573,64,11.23180393,0.084016401,9.596661116,0.084016401,10.59710734,0.084016401,9.596661116,0.084016401,11.46168766,0.084016401,0.6375,0.26785716,152,0.4125,0.21428573,41,9.627337004,0.69378517,9.623177043,1.078279392,10.22129525,0.886032281,9.558213794,0.69378517,10.90428047,1.078279392,0.675,0.3214286,134,0.675,0.3214286,47,10.50418732,1.73228157,10.54965172,0.275066286,10.4166698,1.003673928,9.777659149,0.275066286,11.53775537,1.73228157,0
0.925,0.46428573,0.925,0.46428573,72,9.997286341,1.01148786,11.36700487,1.01148786,10.25849668,1.01148786,9.330956215,1.01148786,11.79729086,1.01148786,0.8,0.37500003,133,0.71250004,0.30357143,92,10.30825689,1.381007117,9.83946951,0.612538504,10.3480397,0.99677281,9.458411155,0.612538504,12.31227923,1.381007117,0.7625,0.35714287,116,0.725,0.3214286,91,9.910748947,0.998774682,8.268428292,0.998774682,10.45828923,0.998774682,8.268428292,0.998774682,12.50606588,0.998774682,0.83750004,0.39285716,108,0.58750004,0.25,67,9.582351349,0.743615792,10.64314408,0.333388868,10.33584273,0.838197901,9.23901944,0.333388868,12.04024674,1.437589042,0
0.90000004,0.4464286,0.575,0.26785716,124,10.71808333,1.988911605,10.22394753,0.960821021,10.65709078,1.474866313,8.398949269,0.960821021,14.16767792,1.988911605,0.71250004,0.3214286,160,0.71250004,0.3214286,81,9.243309996,1.820063273,9.621650658,0.68446719,10.5653672,1.252265231,9.243309996,0.68446719,13.06417461,1.820063273,0.71250004,0.3214286,218,0.71250004,0.3214286,65,10.29128012,1.066445632,10.11178411,0.567812249,10.6485437,0.817128941,8.957047418,0.567812249,11.85130126,1.066445632,0.725,0.33928573,177,0.725,0.33928573,64,10.32488806,0.134339989,10.07891059,0.318011797,10.5242724,0.226175893,9.192320408,0.134339989,11.47319162,0.318011797,0
0.95,0.46428573,0.95,0.46428573,81,10.89169923,1.023199456,11.17771189,1.10931208,10.5193197,1.066255768,9.179965389,1.023199456,13.23279174,1.10931208,0.6625,0.30357143,176,0.6625,0.30357143,65,11.42793382,0.251703365,10.12632714,0.251703365,10.90846616,0.251703365,10.12632714,0.251703365,11.72610771,0.251703365,0.71250004,0.33928573,200,0.625,0.26785716,49,9.703746036,1.866088367,10.65155119,0.539517777,10.54899907,1.202803072,9.703746036,0.539517777,11.79464687,1.866088367,0.75,0.37500003,185,0.5625,0.30357143,65,10.2151294,0.343259498,10.19861835,0.548934771,10.61610356,0.446097134,9.64601815,0.343259498,11.92592547,0.548934771,0
0.96250004,0.48214287,0.6125,0.30357143,90,9.193497478,0.395669618,10.63479564,0.395669618,10.75028201,0.395669618,9.193497478,0.395669618,13.15589924,0.395669618,0.7375,0.35714287,160,0.7375,0.35714287,80,10.00808324,1.902378762,10.75505483,1.204955223,10.59255636,1.553666993,9.172729484,1.204955223,12.4366515,1.902378762,0.725,0.33928573,201,0.5625,0.26785716,52,11.10860986,0.892017091,9.264178906,1.131169223,10.4363051,1.011593157,8.891875129,0.892017091,12.46032978,1.131169223,0.7625,0.37500003,198,0.675,0.30357143,81,8.571433032,0.976807154,10.76386291,0.396451314,10.83508485,0.686629234,8.571433032,0.396451314,14.86705838,0.976807154,0
0.71250004,0.33928573,0.6875,0.30357143,49,10.60945425,0.748303303,11.83548029,0.607265539,10.43019332,0.677784421,9.720537167,0.607265539,11.83548029,0.748303303,0.7875,0.37500003,235,0.6875,0.30357143,65,10.19622279,0.541945288,10.21239625,0.541945288,10.96492061,0.541945288,8.923384612,0.541945288,14.03260864,0.541945288,0.77500004,0.37500003,176,0.4875,0.26785716,73,9.677629417,1.484390768,10.87703743,0.634884548,10.51378321,1.059637658,8.993184069,0.634884548,12.90113902,1.484390768,0.7375,0.33928573,158,0.6625,0.30357143,59,9.846273881,0.258324278,9.283183451,0.504537484,10.53064316,0.381430881,9.283183451,0.258324278,11.7784169,0.504537484,0
0.9125,0.4464286,0.9125,0.4464286,40,9.200390619,0.594984343,10.16400314,0.594984343,10.76166554,0.594984343,9.200390619,0.594984343,12.6957931,0.594984343,0.7375,0.33928573,209,0.4625,0.26785716,67,10.22698361,0.541778419,9.712238245,0.957345713,10.45889472,0.749562066,9.661399144,0.541778419,13.04119478,0.957345713,0.7,0.3214286,217,0.4625,0.26785716,56,9.993384188,1.632629546,10.01838561,0.336346133,10.46474425,0.984487839,9.79056197,0.336346133,11.8605824,1.632629546,0.7625,0.37500003,209,0.675,0.30357143,74,10.13252494,0.722282564,10.50393414,0.870771754,10.54783578,0.796527159,9.410597702,0.722282564,12.42607372,0.870771754,0
0.95,0.4464286,0.6125,0.30357143,106,8.959662623,0.678293728,9.932047428,0.678293728,10.9246143,0.678293728,8.959662623,0.678293728,13.53491214,0.678293728,0.75,0.35714287,195,0.75,0.35714287,88,9.849732847,1.801492811,9.700784232,0.255316292,10.59253941,1.028404552,9.700784232,0.255316292,12.53910627,1.801492811,0.75,0.33928573,151,0.6625,0.30357143,65,9.985280139,0.868211412,10.76042574,1.886081395,10.66840477,1.377146404,7.819965126,0.868211412,14.03150247,1.886081395,0.6125,0.25,193,0.6125,0.25,23,9.970294867,0.207892391,11.15275536,0.32115009,10.49587454,0.332834243,9.435590692,0.207892391,11.78530072,0.469460248,0
0.95,0.48214287,0.825,0.33928573,107,11.02710582,0.807358708,13.49786106,1.554303809,11.00861436,1.180831259,8.982079379,0.807358708,14.21573678,1.554303809,0.75,0.33928573,185,0.75,0.33928573,65,10.34032277,0.636415047,10.15675099,0.636415047,10.71263122,0.636415047,10.15675099,0.636415047,12.05231664,0.636415047,0.7625,0.37500003,234,0.52500004,0.2857143,73,9.633800489,0.449442231,9.752507743,0.732762093,10.4226356,0.591102162,9.119533317,0.449442231,13.96061961,0.732762093,0.7625,0.35714287,193,0.5375,0.30357143,73,9.938480135,1.134308484,10.66965198,0.314117034,10.43924161,0.636647292,9.458458259,0.314117034,12.35330492,1.134308484,0
0.8625,0.4464286,0.8625,0.4464286,74,10.4065082,0.809992065,9.641848332,0.24026378,10.35702657,0.525127922,9.253243008,0.24026378,12.87579565,0.809992065,0.75,0.37500003,208,0.45000002,0.2857143,74,10.62027685,2.13150801,9.767375284,0.286481788,10.9213003,1.208994899,9.754130574,0.286481788,12.55659641,2.13150801,0.6875,0.33928573,275,0.6625,0.30357143,82,9.812021393,0.576526939,11.30956975,0.851154072,10.46477584,0.60037559,9.441104555,0.373445758,11.61696961,0.851154072,0.8,0.37500003,317,0.45000002,0.23214287,77,11.30511203,0.045768064,9.82853294,0.203909274,10.51811202,0.124838669,9.4555535,0.045768064,11.94748147,0.203909274,0
0.95,0.48214287,0.95,0.48214287,80,10.48371935,1.042883786,10.37565714,1.809018039,10.50436174,1.425950913,9.329049433,1.042883786,13.7356041,1.809018039,0.83750004,0.4107143,252,0.83750004,0.4107143,81,10.33462132,0.444651635,9.988712523,1.186713591,10.69271653,0.815682613,9.459738234,0.444651635,12.87003688,1.186713591,0.7875,0.37500003,209,0.475,0.2857143,91,10.50319539,0.636460502,10.03709868,0.927967532,10.70106748,0.782214017,8.924075362,0.636460502,14.05206887,0.927967532,0.7875,0.37500003,159,0.71250004,0.3214286,82,9.240866712,0.920316755,10.3102819,0.271128231,10.46827664,0.595722493,9.240866712,0.271128231,12.41910597,0.920316755,0
0.9375,0.46428573,0.675,0.3214286,116,10.41618156,0.889836266,9.849802577,0.889836266,11.23484373,0.889836266,9.849802577,0.889836266,14.10422377,0.889836266,0.8,0.39285716,147,0.58750004,0.30357143,118,9.978254126,1.651573885,10.44551798,0.878895035,10.78731112,1.26523446,8.686369779,0.878895035,15.04979933,1.651573885,0.75,0.35714287,168,0.52500004,0.2857143,82,9.712957471,1.382751655,9.695213987,0.901519962,10.44094892,1.142135808,9.096143822,0.901519962,13.25560667,1.382751655,0.7625,0.35714287,188,0.6625,0.30357143,78,10.26304578,0.48630166,10.87852541,0.317730689,10.6111716,0.53867562,9.227418672,0.317730689,12.55840919,0.811994511,0
0.7375,0.35714287,0.6,0.2857143,64,9.927897561,0.274342431,10.76921085,0.274342431,10.9576562,0.274342431,9.927897561,0.274342431,12.76813175,0.274342431,0.75,0.33928573,141,0.5625,0.2857143,82,10.65475264,0.408083887,10.14374508,0.408083887,10.55250743,0.408083887,8.823762624,0.408083887,11.6396806,0.408083887,0.71250004,0.3214286,177,0.4625,0.23214287,65,10.46525599,0.193623604,10.58754235,0.243952806,10.54607918,0.218788205,9.292357062,0.193623604,11.12743378,0.243952806,0.7375,0.3214286,151,0.5375,0.2857143,73,10.53749737,0.404790966,9.058019507,1.536937263,10.70190796,1.134355984,7.533464295,0.404790966,14.23101057,2.178425336,0
0.7375,0.33928573,0.55,0.26785716,73,10.87234507,0.145531337,10.99808906,0.177193768,10.71794261,0.161362552,9.343519104,0.145531337,12.28680785,0.177193768,0.7375,0.33928573,209,0.6625,0.2857143,66,8.845299227,0.351095093,10.4054642,0.351095093,10.49087825,0.351095093,8.845299227,0.351095093,11.8137545,0.351095093,0.75,0.35714287,183,0.4875,0.26785716,75,10.5356742,0.261267631,10.69794049,0.228666155,10.58260751,0.244966893,9.218274995,0.228666155,11.13873599,0.261267631,0.75,0.35714287,158,0.6625,0.2857143,74,10.57446606,0.325420252,10.81837872,0.169260618,10.60720376,0.247340435,9.847025231,0.169260618,11.26965525,0.325420252,0
0.77500004,0.35714287,0.675,0.2857143,74,9.553118695,0.32314371,10.10255619,0.32314371,11.08157622,0.32314371,9.553118695,0.32314371,13.20993226,0.32314371,0.75,0.35714287,217,0.6625,0.2857143,74,10.23945718,0.363279745,10.44240221,0.217734772,10.56893751,0.290507259,8.905224711,0.217734772,12.15605097,0.363279745,0.7375,0.35714287,166,0.5625,0.2857143,74,10.55347475,0.210399975,10.70674531,0.213272418,10.60256298,0.211836196,9.344524368,0.210399975,11.43761558,0.213272418,0.77500004,0.35714287,194,0.77500004,0.35714287,65,10.16968127,0.060769821,10.50557483,0.053673967,10.55562467,0.057221894,9.436753596,0.053673967,11.09403298,0.060769821,0
0.77500004,0.35714287,0.77500004,0.35714287,65,10.77196718,0.180267214,9.995630495,0.180267214,10.67739045,0.180267214,9.259504393,0.180267214,12.11749478,0.180267214,0.75,0.35714287,194,0.5125,0.2857143,64,10.28014145,0.081726832,10.31897719,0.149471936,10.55153905,0.115599384,9.083833867,0.081726832,11.60984142,0.149471936,0.7375,0.35714287,159,0.7375,0.35714287,73,10.7979561,0.190090469,10.39360649,0.190090469,10.50173105,0.190090469,9.717051779,0.190090469,11.00635328,0.190090469,0.7375,0.3214286,160,0.4875,0.25,66,10.57370616,0.150574364,10.21436149,0.165329701,10.57561569,0.157952033,9.53770434,0.150574364,10.95975891,0.165329701,0
0.75,0.35714287,0.75,0.35714287,65,10.73465163,0.276297481,10.07670716,0.276297481,10.73380684,0.276297481,9.625899892,0.276297481,12.15962927,0.276297481,0.7625,0.35714287,168,0.5375,0.2857143,82,10.21347925,0.233870674,10.68847693,0.495919767,10.56322452,0.364895221,9.474498326,0.233870674,11.93634209,0.495919767,0.7375,0.35714287,168,0.5375,0.2857143,72,11.00634904,0.24456256,10.47382187,0.24456256,10.65473217,0.24456256,9.366851175,0.24456256,11.31309101,0.24456256,0.75,0.35714287,143,0.6625,0.2857143,67,10.60124368,0.188365975,10.45725737,0.2243527,10.58599872,0.206359338,9.66448013,0.188365975,10.96054823,0.2243527,0
0.7875,0.35714287,0.575,0.2857143,66,10.44847295,0.143994397,10.30493495,0.178918632,10.70153226,0.161456515,9.252235006,0.143994397,12.35580468,0.178918632,0.75,0.35714287,142,0.75,0.35714287,83,9.563775335,0.295935333,10.4478487,0.152170107,10.59683776,0.22405272,9.563775335,0.152170107,11.52642498,0.295935333,0.725,0.33928573,251,0.6125,0.2857143,73,9.93739043,0.092089284,10.67023,0.092089284,10.58095099,0.092089284,9.407730538,0.092089284,11.53158425,0.092089284,0.7375,0.3214286,201,0.7375,0.3214286,81,10.82306457,0.151594209,10.08201198,0.107918226,10.5533371,0.122681898,9.86203882,0.107918226,11.02910103,0.151594209,0
0.7875,0.39285716,0.675,0.30357143,65,10.21069484,0.597052366,10.76261623,0.597052366,11.07165379,0.597052366,10.16524706,0.597052366,12.68830233,0.597052366,0.75,0.35714287,174,0.5125,0.26785716,66,10.5013449,0.28794657,11.1836523,0.28794657,10.75895123,0.28794657,9.105556733,0.28794657,11.96892313,0.28794657,0.75,0.35714287,160,0.575,0.2857143,73,10.31271892,0.23587031,10.46086611,0.405231988,10.54692337,0.320551149,9.534407402,0.23587031,11.42036184,0.405231988,0.75,0.35714287,142,0.75,0.35714287,74,10.66283987,0.062260308,10.59902191,0.203449441,10.55902532,0.132854875,9.792002797,0.062260308,11.12569103,0.203449441,0
0.7875,0.37500003,0.7875,0.37500003,66,10.60639006,0.086900595,10.85497314,0.342237991,10.85778367,0.214569293,8.964517415,0.086900595,13.06335019,0.342237991,0.75,0.35714287,235,0.6375,0.2857143,89,10.25747852,0.236230072,10.84339661,0.346936536,10.50496521,0.291583304,8.593808798,0.236230072,12.03824951,0.346936536,0.725,0.3214286,284,0.725,0.3214286,90,10.33481883,0.152770559,10.85453283,0.28849309,10.55977499,0.220631824,9.629214584,0.152770559,11.40330068,0.28849309,0.75,0.35714287,225,0.5,0.2857143,83,10.93603743,0.107451413,10.33986699,0.145689902,10.51476538,0.125344087,9.683068206,0.107451413,11.08281853,0.145689902,0
0.8125,0.39285716,0.8125,0.39285716,47,10.28379837,0.37407752,10.43587258,0.107749792,10.67769465,0.240913656,9.46565695,0.107749792,11.88679251,0.37407752,0.7875,0.37500003,185,0.6125,0.2857143,73,10.62578452,0.414618842,10.59990386,0.387510014,10.67662156,0.401064428,9.140906329,0.387510014,11.59727731,0.414618842,0.75,0.35714287,184,0.475,0.25,82,9.749362365,0.228943822,10.49885366,0.228943822,10.5744274,0.228943822,9.749362365,0.228943822,11.34712231,0.228943822,0.75,0.35714287,168,0.45000002,0.26785716,75,10.35671651,0.31822583,10.63327787,0.150635025,10.49740924,0.234430427,9.620213929,0.150635025,11.04750835,0.31822583,0
0.96250004,0.48214287,0.7875,0.3214286,75,7.028935012,1.067484349,11.24859963,1.067484349,10.11489919,1.067484349,7.028935012,1.067484349,13.8307364,1.067484349,0.8125,0.37500003,190,0.6125,0.30357143,91,11.00285575,0.900878897,10.31648544,0.53652993,10.41862598,0.718704413,8.464463619,0.53652993,12.78364581,0.900878897,0.77500004,0.37500003,192,0.6,0.30357143,82,9.843945869,0.583007426,11.30985802,0.383637818,10.36466755,0.483322622,7.671225948,0.383637818,12.25923766,0.583007426,0.7875,0.37500003,185,0.7,0.30357143,97,9.962593131,0.718579214,9.798773236,0.265769699,10.14322492,0.456713858,7.569772606,0.265769699,12.70658531,0.718579214,0
0.77500004,0.35714287,0.4875,0.26785716,89,10.7867775,1.281380697,11.24086128,0.053331447,10.5897634,0.431337785,9.428497537,0.053331447,12.94713228,1.281380697,0.75,0.35714287,502,0.71250004,0.30357143,81,11.32120146,0.167414954,10.98982434,0.133059202,10.68355218,0.150237078,8.402631789,0.133059202,13.12924347,0.167414954,0.75,0.35714287,258,0.4625,0.23214287,91,10.63261904,0.500441962,10.63719997,0.112591047,10.48391537,0.306516505,8.741084407,0.112591047,11.98334549,0.500441962,0.77500004,0.37500003,210,0.75,0.33928573,81,10.72863719,0.614927355,9.46195053,1.166075694,10.20359221,0.640858624,8.547393352,0.141572822,11.76100481,1.166075694,0
0.7625,0.37500003,0.5125,0.2857143,83,10.39475828,0.250700929,10.61352247,0.250700929,11.45145402,0.250700929,9.725436843,0.250700929,13.78998941,0.250700929,0.75,0.35714287,159,0.7,0.30357143,74,10.10744199,0.367009109,10.57872563,0.254423564,10.45647737,0.310716336,7.82013242,0.254423564,11.97165296,0.367009109,0.75,0.35714287,151,0.4875,0.26785716,81,10.8688847,0.261106037,10.50445957,0.261106037,10.32489818,0.261106037,8.785643068,0.261106037,11.41159603,0.261106037,0.7625,0.35714287,143,0.6875,0.2857143,74,10.53006473,0.482627145,10.3247663,0.228540838,10.35582001,0.421580237,9.329466503,0.228540838,11.02915607,0.553572728,0
0.7875,0.35714287,0.5625,0.2857143,81,10.57000327,0.613271007,11.75533924,0.627094067,10.972665,0.620182537,8.954421188,0.613271007,13.55799937,0.627094067,0.77500004,0.35714287,219,0.6625,0.2857143,72,9.725391459,0.208317107,9.76286532,0.208317107,10.21117558,0.208317107,8.962215399,0.208317107,11.30414669,0.208317107,0.7625,0.35714287,168,0.6875,0.3214286,73,9.897856535,0.162220802,10.68818996,0.410041995,10.39462527,0.286131398,9.11691427,0.162220802,11.28807108,0.410041995,0.7375,0.35714287,177,0.6375,0.2857143,65,10.83561887,0.321730992,11.13997701,0.490190694,10.35887179,0.405960843,9.457164228,0.321730992,11.13997701,0.490190694,0
0.7875,0.35714287,0.575,0.26785716,81,10.32828651,0.279361227,9.869224037,0.279361227,11.51298356,0.279361227,9.869224037,0.279361227,13.38903614,0.279361227,0.7875,0.37500003,176,0.6875,0.30357143,83,9.764255305,0.458523166,10.7780814,0.378682381,10.43900213,0.418602774,8.322707438,0.378682381,11.36491089,0.458523166,0.77500004,0.37500003,167,0.4625,0.26785716,82,10.91946854,0.347177565,10.31354944,0.43665751,10.39827205,0.391917538,9.301897038,0.347177565,11.03317702,0.43665751,0.7625,0.35714287,176,0.45000002,0.26785716,73,9.329447689,0.105119482,10.24272228,0.314786483,10.30511213,0.209952982,9.329447689,0.105119482,11.02550285,0.314786483,0
0.75,0.35714287,0.675,0.2857143,90,10.30336091,0.060135565,11.43341157,0.595114129,10.56943133,0.327624847,9.380216867,0.060135565,12.26645275,0.595114129,0.77500004,0.37500003,225,0.475,0.26785716,90,11.28163082,0.234988305,10.77582492,0.234988305,10.38875502,0.234988305,8.533228637,0.234988305,11.28163082,0.234988305,0.75,0.35714287,136,0.45000002,0.26785716,81,9.784940121,0.615595068,10.51201781,0.21512253,10.31974983,0.415358799,9.324847402,0.21512253,11.16068248,0.615595068,0.75,0.35714287,134,0.425,0.21428573,82,10.34885769,0.182819423,10.76569591,0.49747611,10.2986032,0.340147767,9.472826888,0.182819423,10.97170354,0.49747611,0
1.0500001,0.5178572,0.8625,0.3214286,98,10.67011719,1.412472675,8.864001214,1.412472675,10.47293894,1.412472675,8.285644352,1.412472675,14.42144956,1.412472675,0.9125,0.4464286,143,0.7875,0.30357143,81,8.498382252,0.670208781,11.25643787,0.817946859,10.53342015,0.74407782,7.089910621,0.670208781,12.76776967,0.817946859,0.7625,0.35714287,126,0.55,0.26785716,66,10.9360228,0.751766707,10.39339734,0.910392324,10.18970628,0.831079515,9.576581427,0.751766707,10.9360228,0.910392324,0.8125,0.39285716,235,0.6125,0.30357143,80,11.15210077,0.336352076,9.847874037,1.675461891,10.22351764,1.005906983,9.254512746,0.336352076,11.15210077,1.675461891,0
1.0875,0.5357143,0.85,0.3214286,74,11.23770861,1.482610201,7.538942497,0.566650325,10.59608481,1.024630263,7.538942497,0.566650325,13.51625532,1.482610201,0.9125,0.4464286,142,0.7375,0.2857143,83,8.235041794,0.640091103,11.65123108,0.640091103,10.64245068,0.640091103,8.16199108,0.640091103,14.27390434,0.640091103,0.8125,0.4107143,125,0.7,0.30357143,82,12.4356974,0.717365991,10.16689269,0.717365991,10.59400367,0.717365991,9.40991926,0.717365991,12.4356974,0.717365991,0.7875,0.37500003,117,0.6,0.30357143,75,10.34537194,1.070597718,10.26195055,1.31998341,10.41310195,1.195290564,9.493913371,1.070597718,11.34574365,1.31998341,0
0.975,0.48214287,0.6625,0.2857143,90,10.37104718,0.53408344,8.514791191,0.53408344,9.751194663,0.53408344,8.238788596,0.53408344,12.15042612,0.53408344,0.85,0.4107143,176,0.7375,0.3214286,98,10.38152522,1.136311943,10.76527052,0.573238024,10.43856032,0.854774983,8.654153898,0.573238024,12.32938934,1.136311943,0.75,0.35714287,159,0.58750004,0.30357143,82,10.74802504,1.199272172,10.15021746,1.199272172,10.40806793,1.199272172,9.353870452,1.199272172,11.15905645,1.199272172,0.85,0.4107143,126,0.575,0.30357143,82,9.66534593,0.876770997,10.48522541,0.162300824,10.33684872,0.394475733,9.440232549,0.144355378,11.32967795,0.876770997,0
0.96250004,0.48214287,0.7875,0.3214286,91,10.17706943,0.108071208,11.17137652,1.438431822,10.1384887,0.773251515,8.082121207,0.108071208,12.91786442,1.438431822,0.7375,0.35714287,192,0.52500004,0.2857143,50,10.20984704,0.716977757,11.32038649,0.716977757,10.42948322,0.716977757,9.746114257,0.716977757,11.32038649,0.716977757,0.7625,0.33928573,158,0.5125,0.2857143,83,11.13937735,0.934378159,9.762084024,0.934378159,10.02066856,0.934378159,8.395589247,0.934378159,11.13937735,0.934378159,0.8125,0.4107143,150,0.5,0.25,83,9.98002342,1.281590541,10.6310101,0.191094538,10.30609093,0.692777487,9.432589592,0.191094538,11.1867322,1.281590541,0
0.96250004,0.48214287,0.96250004,0.48214287,83,10.45147296,1.459006307,12.11709459,0.223436057,10.13809663,0.841221182,7.803790652,0.223436057,12.11709459,1.459006307,0.875,0.42857146,149,0.6125,0.2857143,92,12.24623091,0.201276669,9.317343715,0.201276669,10.23705199,0.201276669,8.87702862,0.201276669,12.24623091,0.201276669,0.7625,0.37500003,133,0.55,0.30357143,90,10.49936969,1.104333439,10.57029937,0.615988543,10.41558427,0.860160991,9.294285048,0.615988543,11.84678178,1.104333439,0.75,0.35714287,127,0.6625,0.30357143,72,10.75136355,0.938513556,9.641997048,1.423660137,10.19553944,1.181086847,9.114453098,0.938513556,11.44578571,1.423660137,0
0.9125,0.46428573,0.825,0.33928573,89,10.88424283,0.144578262,8.45812026,0.144578262,9.838483105,0.144578262,8.303068351,0.144578262,11.86582854,0.144578262,0.8875,0.4464286,145,0.675,0.30357143,97,9.357977419,1.079263934,10.92684763,0.465458226,10.65723395,0.77236108,8.223504936,0.465458226,12.8054086,1.079263934,0.825,0.4107143,134,0.725,0.30357143,89,9.841016867,0.872690376,9.657981213,0.872690376,9.93287198,0.872690376,8.685682312,0.872690376,11.34561617,0.872690376,0.85,0.4107143,134,0.7625,0.33928573,66,10.70731569,0.784661377,9.0927912,0.167384492,10.26895588,0.860157985,8.965310731,0.167384492,11.74332394,1.628428087,0
0.9125,0.4464286,0.6625,0.30357143,90,10.26774177,0.593962242,8.265148857,0.593962242,9.82012869,0.593962242,7.702259099,0.593962242,12.3819673,0.593962242,0.825,0.4107143,150,0.6,0.30357143,82,8.821499966,0.574888759,11.15617444,0.964401656,10.69357109,0.769645208,8.571897431,0.574888759,12.48010604,0.964401656,0.8,0.37500003,127,0.6875,0.30357143,82,9.085583619,0.611292499,11.31240255,0.611292499,10.06743368,0.611292499,9.085583619,0.611292499,11.31240255,0.611292499,0.7875,0.37500003,108,0.5625,0.30357143,75,10.99048644,0.517318249,9.126561122,1.119659027,10.34610019,0.818488638,8.84260509,0.517318249,12.0530111,1.119659027,0
0.925,0.4464286,0.925,0.4464286,83,7.89454066,1.239541292,11.51810836,1.239541292,9.90595689,1.239541292,7.89454066,1.239541292,12.57608026,1.239541292,0.8875,0.42857146,142,0.5625,0.26785716,90,12.37388137,0.261214067,9.609633549,0.261214067,10.94017244,0.261214067,9.587831778,0.261214067,12.37388137,0.261214067,0.77500004,0.37500003,125,0.7,0.30357143,66,8.963150885,0.498347046,10.93453859,1.399097505,10.22893576,0.948722275,8.526924535,0.498347046,11.30967377,1.399097505,0.8875,0.42857146,150,0.4875,0.23214287,82,11.18097114,0.424992442,9.723708683,0.355768631,10.26552444,0.390380537,9.125540606,0.355768631,11.8972604,0.424992442,0
0.9375,0.46428573,0.575,0.25,90,8.022694101,0.73523127,10.91054555,0.73523127,9.731325407,0.73523127,8.022694101,0.73523127,12.19821569,0.73523127,0.85,0.4107143,135,0.6625,0.30357143,89,11.74130842,1.087695634,10.8655803,1.087695634,10.93999023,1.087695634,8.890928314,1.087695634,12.21531627,1.087695634,0.7625,0.37500003,129,0.625,0.3214286,80,9.517959818,0.339042261,10.28224234,0.770196412,10.1931165,0.554619337,9.100739495,0.339042261,11.67458226,0.770196412,0.8125,0.4107143,117,0.6,0.30357143,66,10.90590499,0.906358088,10.38708825,1.498699497,10.36726055,1.202528793,8.560523922,0.906358088,12.01808227,1.498699497,0
0.9125,0.4464286,0.7875,0.30357143,89,9.583424239,0.278386988,12.97590822,0.278386988,10.08872375,0.278386988,8.116450156,0.278386988,12.97590822,0.278386988,0.8875,0.4464286,143,0.5625,0.26785716,90,12.50895069,0.609049176,9.23955685,0.609049176,10.73371995,0.609049176,9.067820687,0.609049176,12.50895069,0.609049176,0.6875,0.30357143,126,0.65000004,0.30357143,65,8.872573975,1.303702198,10.46172975,0.656957286,10.32270195,0.980329742,8.872573975,0.656957286,11.49795434,1.303702198,0.8125,0.39285716,134,0.71250004,0.30357143,57,10.71940626,0.50562371,9.991442131,0.533381924,10.2681249,0.519502817,9.498652273,0.50562371,11.89538259,0.533381924,0
0.925,0.46428573,0.725,0.3214286,97,11.61011228,2.072084103,11.48301734,0.450610735,10.81537929,1.261347419,8.014159765,0.450610735,13.30072478,2.072084103,0.8125,0.37500003,125,0.77500004,0.33928573,91,9.947047001,0.631514061,8.887507246,0.631514061,10.08268506,0.631514061,8.626358887,0.631514061,12.38447254,0.631514061,0.83750004,0.4107143,134,0.7875,0.33928573,82,10.05924315,1.135194737,11.47827035,1.135194737,10.79268482,1.135194737,9.755650868,1.135194737,12.03624699,1.135194737,0.8,0.39285716,102,0.4375,0.23214287,56,10.29981066,0.522416906,9.455164657,0.152371927,10.26438584,0.576168442,9.337300834,0.152371927,11.36934268,1.041257013,0
0.8875,0.4464286,0.65000004,0.2857143,96,9.173229661,0.323045633,11.56471926,0.323045633,9.99255021,0.323045633,8.625147244,0.323045633,11.86185408,0.323045633,0.85,0.4107143,134,0.52500004,0.25,107,12.0493319,1.138903386,9.178766403,0.189887141,10.48617759,0.664395263,9.057545728,0.189887141,12.0493319,1.138903386,0.83750004,0.4107143,135,0.4875,0.26785716,81,9.803581958,0.865449479,11.41885116,0.865449479,10.51112644,0.865449479,9.577658235,0.865449479,11.97003419,0.865449479,0.7875,0.37500003,101,0.58750004,0.30357143,49,10.73119357,0.509331061,9.553112427,0.839218909,10.31817935,0.674274985,9.231693305,0.509331061,11.28123344,0.839218909,0
0.9125,0.4464286,0.75,0.3214286,83,10.55007668,0.844238187,12.09672661,0.118715782,10.57260048,0.481476984,8.547939165,0.118715782,12.41025726,0.844238187,0.8875,0.4464286,133,0.75,0.3214286,91,10.17289364,0.401512421,10.46848197,0.401512421,10.39317774,0.401512421,8.788406727,0.401512421,12.66010307,0.401512421,0.75,0.35714287,100,0.6625,0.30357143,57,11.91518763,1.163346725,9.742460766,1.163346725,10.2027294,1.163346725,9.369023425,1.163346725,11.91518763,1.163346725,0.83750004,0.4107143,109,0.71250004,0.30357143,56,10.68620826,1.146002905,10.37462306,1.068696155,10.54364115,1.10734953,9.6554244,1.068696155,12.15761928,1.146002905,0
0.925,0.4464286,0.77500004,0.3214286,82,7.646038593,0.218198549,11.91536813,0.218198549,9.74463647,0.218198549,7.646038593,0.218198549,11.91536813,0.218198549,0.8875,0.4464286,134,0.77500004,0.3214286,90,11.9839173,0.363238317,9.433561591,0.363238317,10.77455307,0.363238317,9.159538419,0.363238317,12.21636197,0.363238317,0.7875,0.37500003,134,0.58750004,0.2857143,74,8.838826796,1.554322922,10.85793787,1.554322922,10.33553643,1.554322922,8.838826796,1.554322922,11.87161853,1.554322922,0.8625,0.4107143,101,0.8625,0.4107143,65,10.5032934,0.733340998,10.07754021,0.066187723,10.3407529,0.686874583,8.465323421,0.066187723,12.174273,1.644566787,0
0.675,0.2857143,0.55,0.25,58,10.42615684,0.097439336,9.638116791,0.097439336,10.25621865,0.097439336,8.773042315,0.097439336,11.55099042,0.097439336,0.6625,0.2857143,167,0.6625,0.2857143,64,9.891931955,0.062407847,9.84194041,0.021841582,10.25942254,0.056581491,9.187247341,0.021841582,11.13393673,0.085495044,0.65000004,0.2857143,285,0.65000004,0.2857143,56,9.593572718,0.081185999,10.3520058,0.037582341,10.29830046,0.05938417,9.593572718,0.037582341,11.25925161,0.081185999,0.6625,0.2857143,389,0.6625,0.2857143,46,10.39777023,0.06589839,10.30945922,0.026420728,10.30665375,0.057608512,9.595815309,0.026420728,10.6667866,0.069632501,0
0.7,0.3214286,0.7,0.3214286,62,8.970986147,0.09297204,10.42951435,0.09297204,10.29251167,0.09297204,8.970986147,0.09297204,12.30973879,0.09297204,0.65000004,0.2857143,177,0.65000004,0.2857143,66,10.42416728,0.046884235,10.0962163,0.051209795,10.27702547,0.049047015,9.127917199,0.046884235,11.7392799,0.051209795,0.65000004,0.26785716,251,0.65000004,0.26785716,46,10.1600367,0.022368106,10.18385477,0.055033859,10.25740022,0.038700982,9.64404778,0.022368106,10.96218311,0.055033859,0.625,0.2857143,236,0.58750004,0.25,57,10.32601824,0.059354481,10.47758548,0.04967465,10.29554466,0.053474296,9.378408937,0.031571945,11.03645686,0.073296106,0
0.7,0.3214286,0.4625,0.25,60,10.46215689,0.186740327,10.44977995,0.186740327,10.29560941,0.186740327,8.907606349,0.186740327,11.81198807,0.186740327,0.675,0.30357143,146,0.675,0.30357143,63,10.71171618,0.185496931,10.14682822,0.063186902,10.30920397,0.124341917,8.784220631,0.063186902,11.47892544,0.185496931,0.6375,0.2857143,242,0.6375,0.2857143,39,10.22231459,0.011691323,10.36680023,0.047388573,10.2670499,0.029539948,9.627970736,0.011691323,11.15971477,0.047388573,0.6375,0.26785716,252,0.6375,0.26785716,64,10.46733206,0.079661836,10.44062169,0.023834064,10.31174997,0.041911652,9.94734452,0.016551552,10.81436457,0.079661836,0
0.6625,0.30357143,0.575,0.25,44,10.46918139,0.198930153,12.01561322,0.198930153,10.60422482,0.198930153,9.403850593,0.198930153,12.01561322,0.198930153,0.675,0.30357143,141,0.675,0.30357143,48,10.87092805,0.151620615,10.3844121,0.193548101,10.40132123,0.172584358,9.56243128,0.151620615,11.04153245,0.193548101,0.65000004,0.2857143,226,0.65000004,0.2857143,58,10.43894354,0.19715801,10.34807054,0.189313148,10.47175996,0.193235579,10.19005497,0.189313148,10.80656692,0.19715801,0.65000004,0.30357143,208,0.65000004,0.30357143,65,10.45994042,0.178060402,10.46355246,0.267195086,10.4428039,0.172324401,10.08467439,0.087574051,10.60302885,0.267195086,0
0.7375,0.35714287,0.7375,0.35714287,59,10.48275624,0.130739084,10.67139506,0.130739084,10.50765767,0.130739084,9.780620268,0.130739084,11.40058001,0.130739084,0.65000004,0.2857143,144,0.65000004,0.2857143,48,10.73762464,0.088552986,10.32499737,0.268358794,10.45247079,0.174120283,10.0451685,0.088552986,11.0981182,0.268358794,0.65000004,0.2857143,468,0.65000004,0.2857143,47,10.47705968,0.28317201,10.38823455,0.247381758,10.44920776,0.274675529,10.00600389,0.247381758,10.93860442,0.293472818,0.625,0.26785716,459,0.625,0.26785716,38,10.43462599,0.225496554,10.35636522,0.189894894,10.46540025,0.13812292,10.1944713,0.027924136,10.72204308,0.251970965,0
0.675,0.3214286,0.425,0.23214287,66,10.77934652,0.534587701,10.30081969,0.195593843,10.54745753,0.365090772,9.88749666,0.195593843,11.38032078,0.534587701,0.65000004,0.2857143,134,0.65000004,0.2857143,58,9.755288569,0.205003702,10.68610829,0.205003702,10.48709352,0.205003702,9.755288569,0.205003702,11.45752294,0.205003702,0.6375,0.2857143,233,0.6375,0.2857143,50,10.51097059,0.097623012,10.50069458,0.15699714,10.48389868,0.127310076,9.974466367,0.097623012,10.8932238,0.15699714,0.65000004,0.26785716,175,0.65000004,0.26785716,74,10.53315856,0.173459857,10.67796799,0.24218239,10.47363437,0.20892104,10.26190693,0.173459857,10.67796799,0.24218239,0
0.6875,0.3214286,0.575,0.26785716,53,10.54162916,0.078846584,10.60569473,0.078846584,10.52976951,0.078846584,9.959686457,0.078846584,10.98461728,0.078846584,0.6,0.2857143,142,0.6,0.2857143,73,10.5139439,0.156509757,10.5139439,0.145982348,10.5139439,0.154314192,10.5139439,0.145982348,10.5139439,0.160450469,0.6625,0.2857143,259,0.6625,0.2857143,59,10.38616641,0.170629438,10.44599007,0.205216688,10.41607824,0.187923063,10.38616641,0.170629438,10.44599007,0.205216688,0.65000004,0.26785716,250,0.65000004,0.26785716,57,10.62145409,0.181652664,10.47968763,0.084685934,10.49065131,0.151426224,10.3708122,0.084685934,10.62145409,0.187940073,0
0.6625,0.2857143,0.5125,0.25,65,10.31952401,0.258767161,10.13898497,0.258767161,10.49918317,0.258767161,10.12262436,0.258767161,11.35330546,0.258767161,0.65000004,0.26785716,143,0.3625,0.19642858,81,10.76472181,0.211285587,10.31786414,0.172944507,10.51989374,0.192115047,9.956459058,0.172944507,10.88964076,0.211285587,0.6375,0.25,267,0.375,0.21428573,82,10.4078609,0.039352139,10.31209611,0.066137196,10.45217463,0.053075678,10.19873171,0.039352139,10.83039374,0.066137196,0.625,0.2857143,250,0.625,0.2857143,74,10.34620237,0.088203489,10.73785288,0.188962696,10.47324024,0.141351444,10.27973959,0.088203489,10.79240531,0.188962696,0
0.71250004,0.33928573,0.71250004,0.33928573,58,10.47623363,0.066680164,10.25086464,0.13381091,10.51309964,0.100245537,9.749743864,0.066680164,11.65418564,0.13381091,0.65000004,0.2857143,142,0.65000004,0.2857143,65,10.17583388,0.080650803,10.382799,0.078787371,10.48433637,0.079719087,10.14674171,0.078787371,10.84973417,0.080650803,0.6375,0.2857143,252,0.6375,0.2857143,48,10.24267358,0.093389294,10.40732184,0.105135326,10.44384191,0.09926231,10.24267358,0.093389294,10.66738258,0.105135326,0.6375,0.2857143,309,0.6375,0.2857143,57,10.54245729,0.084542769,10.55535229,0.0999807,10.47537137,0.087160211,10.23709808,0.076957165,10.61917369,0.0999807,0
0.7,0.3214286,0.7,0.3214286,48,10.46876845,0.168337524,9.915502765,0.168337524,10.41179321,0.168337524,9.915502765,0.168337524,10.54960222,0.168337524,0.6625,0.2857143,150,0.6625,0.2857143,74,10.59287867,0.190997818,10.60618582,0.134523123,10.48563878,0.166265061,9.897484024,0.134523123,10.86095898,0.190997818,0.6125,0.2857143,299,0.3625,0.23214287,66,10.50975913,0.02963277,10.55361381,0.052883048,10.45997093,0.032654223,10.09579907,0.015446851,10.75404853,0.052883048,0.6375,0.26785716,267,0.6375,0.26785716,73,10.40798077,0.106094344,9.897794041,0.159644776,10.47404477,0.123657405,9.897794041,0.105233096,10.87789839,0.159644776,0
0.71250004,0.3214286,0.71250004,0.3214286,59,10.88793127,0.152261245,9.868210003,0.152261245,10.54127497,0.152261245,9.868210003,0.152261245,11.15475343,0.152261245,0.6625,0.2857143,175,0.5625,0.21428573,81,10.53821496,0.034661659,10.43713076,0.151691435,10.55354604,0.093176547,10.1108405,0.034661659,11.17455358,0.151691435,0.6375,0.2857143,242,0.4,0.23214287,82,10.34607151,0.03701145,10.50236432,0.021178117,10.43264575,0.037655665,9.925013547,0.021178117,11.0404289,0.054777429,0.65000004,0.26785716,368,0.4,0.21428573,73,10.58586943,0.015870798,10.49924061,0.038358972,10.4766907,0.03400353,10.29285453,0.015870798,10.60596255,0.044593777,0
0.7625,0.35714287,0.58750004,0.2857143,62,10.40740567,0.414993848,9.902861495,2.076344379,10.13148475,1.003492572,9.011770282,0.414993848,11.92779839,2.076344379,0.675,0.30357143,342,0.65000004,0.30357143,72,10.77734374,1.141103367,10.3004383,0.966318416,10.27710341,1.053710891,9.745206134,0.966318416,11.5188423,1.141103367,0.6375,0.2857143,300,0.5625,0.2857143,82,10.8786851,0.687757401,9.410768685,0.511085072,10.23305856,0.672607337,9.028563816,0.511085072,11.07908765,0.818979538,0.6125,0.25,328,0.6125,0.25,83,9.360544008,0.603099104,9.16629402,0.192586599,10.15749008,0.883832411,8.834579244,0.178120425,11.8168828,2.12544522,0
0.7,0.3214286,0.65000004,0.2857143,48,9.438196962,1.446414147,10.09368381,0.823324968,10.18577011,1.445102595,9.438196962,0.823324968,10.99457624,2.065568672,0.65000004,0.26785716,383,0.5625,0.25,67,9.448740735,0.311569437,8.722487259,0.987395065,10.00089927,0.512841161,8.492092792,0.239558982,11.74477133,0.987395065,0.65000004,0.3214286,458,0.6625,0.30357143,73,9.311430292,2.61322975,10.59477649,0.382358324,10.54561821,1.497794037,9.311430292,0.382358324,13.28670039,2.61322975,0.675,0.3214286,236,0.675,0.3214286,80,10.37627474,0.537337717,10.10742536,0.498666909,10.08603421,0.531992814,8.660405368,0.498666909,11.55087123,0.57637131,0
0.85,0.39285716,0.6875,0.2857143,73,10.12352903,1.279215104,10.61823143,1.279215104,10.41356485,1.279215104,9.732875398,1.279215104,11.51056695,1.279215104,0.625,0.26785716,201,0.52500004,0.23214287,65,10.23976633,0.952174083,11.18746695,1.012833412,10.25941268,1.100699514,9.477078809,0.952174083,11.18746695,1.337091047,0.575,0.25,378,0.575,0.25,30,11.04688266,0.501635245,9.998800291,0.470077001,10.05574106,0.604239381,9.018236207,0.470077001,11.04688266,0.841005896,0.7375,0.33928573,393,0.6625,0.30357143,90,9.906921478,0.488954261,11.81959909,0.375595385,10.30656955,0.568162604,8.191120213,0.375595385,12.38539391,0.839938166,0
0.71250004,0.33928573,0.4375,0.26785716,75,10.76479091,0.310453003,10.30820471,1.062607486,10.39031152,0.686530245,9.242325016,0.310453003,11.56912564,1.062607486,0.625,0.26785716,175,0.625,0.26785716,98,10.15515995,0.38571497,10.05389991,1.187225506,10.08331147,0.786470238,9.52627708,0.38571497,10.64682432,1.187225506,0.6375,0.26785716,270,0.575,0.25,88,10.17978624,0.880577224,10.45392664,1.241178193,10.23472675,1.060877708,9.22931373,0.880577224,10.98171938,1.241178193,0.6625,0.30357143,235,0.6625,0.30357143,81,10.17653661,0.592927063,10.95586508,0.622872965,10.21364369,0.740774305,8.672776642,0.592927063,12.13200048,1.006522886,0
0.7,0.3214286,0.7,0.3214286,38,9.86177348,0.656991182,9.702545056,0.656991182,9.956118254,0.656991182,9.574959179,0.656991182,10.36511722,0.656991182,0.7375,0.33928573,193,0.75,0.33928573,89,10.31473829,0.582346919,10.93051628,1.395545859,10.39891769,1.216151841,8.848994359,0.582346919,11.97405704,1.670562745,0.625,0.26785716,343,0.625,0.26785716,49,10.48271505,0.228695906,10.30323258,0.228695906,9.8062712,0.228695906,9.076040149,0.228695906,10.48271505,0.228695906,0.65000004,0.2857143,183,0.65000004,0.2857143,75,10.40674083,0.799752668,9.397033727,0.352356457,10.19446118,0.665763048,8.856141862,0.352356457,11.08671855,0.845686551,0
0.83750004,0.42857146,0.83750004,0.42857146,89,10.50065043,0.773582617,10.73663926,0.408501271,10.37071792,0.591041944,9.243337538,0.408501271,12.20343823,0.773582617,0.675,0.30357143,176,0.6,0.26785716,73,9.820822095,0.677973303,10.63445353,1.315506001,10.1375212,0.996739652,9.317292802,0.677973303,11.00317514,1.315506001,0.675,0.3214286,284,0.625,0.26785716,82,10.9732356,0.54707047,9.097891613,0.54707047,10.00505218,0.54707047,8.981962442,0.54707047,10.9732356,0.54707047,0.725,0.33928573,184,0.725,0.33928573,89,9.611756594,0.678700781,9.619806825,0.25537764,10.19827001,0.581170396,8.174849573,0.129916538,11.68440689,1.260686626,0
0.7375,0.35714287,0.7375,0.35714287,73,10.49963787,0.305947942,10.53126427,0.84567923,10.32637879,0.575813586,9.633980314,0.305947942,11.54724688,0.84567923,0.65000004,0.30357143,186,0.65000004,0.30357143,88,10.67423157,0.383524009,9.323604775,0.798744198,10.25588909,1.187953145,9.152214141,0.383524009,11.84855505,2.381591228,0.6625,0.30357143,402,0.6625,0.30357143,81,9.109252888,0.337544483,10.66804265,0.337544483,10.18486137,0.337544483,9.012532581,0.337544483,11.0870741,0.337544483,0.675,0.30357143,176,0.675,0.30357143,90,10.47389827,0.20159256,10.22620141,0.35731135,10.17859156,0.518517083,8.752967197,0.20159256,11.34086907,0.869898356,0
0.7625,0.35714287,0.55,0.2857143,90,9.239433664,0.441485597,11.34132308,0.441485597,10.5328312,0.441485597,9.228106235,0.441485597,13.07048837,0.441485597,0.625,0.26785716,160,0.625,0.26785716,90,10.75579072,0.239738716,10.03578084,0.828501398,10.14048629,1.195426524,8.120714949,0.239738716,13.44405799,3.198819311,0.7625,0.35714287,685,0.7625,0.35714287,80,10.36913444,0.504746353,9.971667193,0.227567812,10.01284944,0.366157082,8.800809021,0.227567812,11.0517062,0.504746353,0.7,0.3214286,200,0.7,0.3214286,65,10.45267092,0.566654698,14.02556536,0.19989572,10.31993962,1.467470982,6.932200114,0.19989572,14.02556536,2.774684339,0
0.71250004,0.3214286,0.71250004,0.3214286,75,9.771197736,0.478032095,10.72385009,1.104178804,10.21183838,0.791105449,9.702283811,0.478032095,11.35882141,1.104178804,0.675,0.30357143,184,0.4625,0.25,83,9.84957242,0.414918447,10.09789289,1.463965046,10.01563647,0.939441746,8.605370062,0.414918447,11.16298965,1.463965046,0.6625,0.2857143,275,0.6625,0.2857143,90,11.35043515,1.000564486,10.39741432,1.466313449,10.3331745,1.233438967,8.673875709,1.000564486,11.77806223,1.466313449,0.65000004,0.2857143,192,0.575,0.26785716,65,10.00811414,0.666968241,8.996076483,0.609052008,10.05604515,0.574223637,8.80106771,0.367888515,11.78669284,0.666968241,0
0.7875,0.37500003,0.7875,0.37500003,81,10.51728206,0.525390849,10.2586653,0.893281073,10.27672005,0.709335961,9.426011378,0.525390849,11.56970653,0.893281073,0.675,0.30357143,167,0.675,0.30357143,99,10.16531793,0.456913657,9.946400355,0.188581807,10.20200594,0.537415246,9.55872236,0.188581807,10.87822669,0.966750273,0.65000004,0.26785716,376,0.45000002,0.23214287,82,9.790321803,0.645862041,10.10617213,0.645862041,9.965431986,0.645862041,9.223407507,0.645862041,10.40235656,0.645862041,0.675,0.3214286,150,0.675,0.3214286,107,10.23694648,0.397691515,9.918418446,0.625382811,10.2066423,0.759437247,7.390071807,0.397691515,12.5286463,1.129750677,0
0.75,0.35714287,0.75,0.35714287,74,10.67312111,0.934064252,9.428657227,0.934064252,10.16384029,0.934064252,8.939749723,0.934064252,11.68711865,0.934064252,0.6625,0.30357143,159,0.4625,0.25,91,9.758433819,1.281025863,10.28675894,0.408888854,10.22119284,0.844957358,8.728262264,0.408888854,11.57828349,1.281025863,0.6375,0.2857143,230,0.55,0.25,69,10.55880103,0.597883887,10.43462816,1.073416129,10.18582001,0.835650008,9.373004574,0.597883887,10.55880103,1.073416129,0.725,0.33928573,219,0.475,0.26785716,89,10.76303107,0.662457025,7.948185742,0.817114793,10.15283423,0.952665404,7.948185742,0.496542936,13.01736367,1.834546863,0
0.75,0.35714287,0.75,0.35714287,58,10.36403907,0.256005638,10.72533181,0.185894048,10.46504469,0.220949843,9.322146229,0.185894048,11.33620614,0.256005638,0.6875,0.3214286,150,0.6875,0.3214286,66,9.930051661,0.322210366,10.44352252,0.081873086,10.31189787,0.202041726,9.76730041,0.081873086,11.21682206,0.322210366,0.7,0.3214286,385,0.6125,0.25,63,10.43180003,0.142100926,10.54554364,0.131747281,10.38590406,0.136924104,9.234611209,0.131747281,11.28736191,0.142100926,0.71250004,0.3214286,185,0.5625,0.25,65,10.36640678,0.086742351,10.23013995,0.12239788,10.31300491,0.153016816,9.600159441,0.086742351,10.65927238,0.249910216,0
0.725,0.33928573,0.725,0.33928573,58,9.21891825,0.191842067,10.63793356,0.191842067,10.29608295,0.191842067,9.21891825,0.191842067,11.17472972,0.191842067,0.6875,0.3214286,175,0.6875,0.3214286,66,10.61592471,0.119328967,10.36394187,0.155148531,10.33347637,0.137238749,9.929150985,0.119328967,10.63926172,0.155148531,0.6625,0.2857143,227,0.6625,0.2857143,55,10.73662747,0.175098149,10.02598438,0.175098149,10.28253338,0.175098149,9.847026071,0.175098149,10.94649038,0.175098149,0.65000004,0.2857143,160,0.65000004,0.2857143,65,10.36656775,0.188806419,10.47089231,0.175924745,10.36919402,0.175781269,10.05319237,0.162612644,10.56931703,0.188806419,0
0.725,0.33928573,0.45000002,0.25,73,10.3460399,0.066999489,10.57970723,0.045819604,10.3540307,0.056409546,9.365819644,0.045819604,11.0743131,0.066999489,0.675,0.3214286,151,0.675,0.3214286,58,10.55254797,0.070224736,10.46222619,0.063376459,10.38476935,0.066800598,9.678544812,0.063376459,11.1416369,0.070224736,0.65000004,0.2857143,217,0.65000004,0.2857143,67,9.706885834,0.065551586,10.40842031,0.065551586,10.25979626,0.065551586,9.706885834,0.065551586,10.50769155,0.065551586,0.675,0.2857143,166,0.675,0.2857143,66,10.39033039,0.031898948,10.42729432,0.041093096,10.35099674,0.036496022,10.04999715,0.031898948,10.50231237,0.041093096,0
0.7375,0.35714287,0.7375,0.35714287,79,10.36829256,0.061552963,10.31420496,0.220431554,10.41302468,0.140992258,8.994596047,0.061552963,11.53049452,0.220431554,0.65000004,0.26785716,158,0.65000004,0.26785716,82,10.31396941,0.068929221,10.36060332,0.068929221,10.2172696,0.068929221,9.929428972,0.068929221,10.48111437,0.068929221,0.675,0.30357143,178,0.675,0.30357143,55,10.48586426,0.129109953,10.5244655,0.139229424,10.37241224,0.134169688,10.06030601,0.129109953,10.64686661,0.139229424,0.6625,0.30357143,194,0.6625,0.30357143,48,10.59469961,0.105005339,10.3767295,0.136715363,10.35393408,0.120860351,9.974640246,0.105005339,10.59469961,0.136715363,0
0.725,0.35714287,0.725,0.35714287,66,10.43022386,0.071429582,10.34624589,0.071429582,10.49076564,0.071429582,9.777069011,0.071429582,11.38309722,0.071429582,0.6625,0.30357143,175,0.6625,0.30357143,82,10.33618333,0.205115056,10.44972282,0.06280324,10.33649851,0.133959148,10.07837228,0.06280324,10.55575851,0.205115056,0.6875,0.3214286,192,0.38750002,0.21428573,74,10.41182227,0.07664173,10.38837524,0.07664173,10.31765774,0.07664173,9.863497837,0.07664173,10.67508483,0.07664173,0.675,0.2857143,176,0.675,0.2857143,64,10.23375229,0.080799578,10.04858761,0.101990454,10.33439442,0.079483793,9.97931189,0.055661347,10.50365772,0.101990454,0
0.7625,0.35714287,0.7625,0.35714287,74,10.51434749,0.368601067,9.977253039,0.088836216,10.40841045,0.228718642,9.019490558,0.088836216,12.26426985,0.368601067,0.7,0.3214286,200,0.7,0.3214286,66,9.692958622,0.048190274,10.29231902,0.048190274,10.20748,0.048190274,9.692958622,0.048190274,10.6254292,0.048190274,0.7,0.3214286,244,0.425,0.25,80,10.43246186,0.017144243,10.24033806,0.102291537,10.38592999,0.05971789,9.770562535,0.017144243,10.65420785,0.102291537,0.675,0.30357143,160,0.575,0.26785716,73,10.40833701,0.098896412,10.36863348,0.071885527,10.36461226,0.085390969,10.00863814,0.071885527,10.59304264,0.098896412,0
0.7625,0.37500003,0.7625,0.37500003,73,10.43805806,0.196625317,10.91522608,0.196625317,10.39405985,0.196625317,9.141636756,0.196625317,11.71153828,0.196625317,0.6875,0.3214286,167,0.6875,0.3214286,57,10.60288853,0.114222419,10.53826775,0.065331752,10.38132112,0.089777085,9.85188824,0.065331752,10.94383735,0.114222419,0.7,0.3214286,243,0.7,0.3214286,64,10.41449675,0.121680938,10.20383371,0.098124318,10.34646374,0.109902628,9.78448332,0.098124318,10.85562097,0.121680938,0.6875,0.3214286,161,0.625,0.26785716,55,10.06173211,0.102941912,10.42364156,0.085061472,10.31291331,0.094001692,10.06173211,0.085061472,10.70214467,0.102941912,0
0.7,0.33928573,0.7,0.33928573,65,9.826175908,0.166544949,10.31843788,0.166544949,10.46133865,0.166544949,9.372701869,0.166544949,11.5014985,0.166544949,0.6875,0.3214286,237,0.6875,0.3214286,47,10.18670872,0.146832953,10.41679793,0.082225814,10.36571896,0.114529383,9.8344359,0.082225814,10.95160193,0.146832953,0.6625,0.30357143,284,0.3625,0.19642858,75,10.49045973,0.144266121,10.17076588,0.114033252,10.35529544,0.116815201,9.46843815,0.09214623,10.7186001,0.144266121,0.6625,0.3214286,250,0.6625,0.3214286,55,9.958433418,0.054406894,10.34651273,0.083169209,10.34562898,0.068788052,9.958433418,0.054406894,10.58460833,0.083169209,0
0.75,0.35714287,0.45000002,0.2857143,82,10.47001829,0.347181883,10.99435083,0.347181883,10.39459718,0.347181883,8.821632472,0.347181883,12.08769052,0.347181883,0.6875,0.3214286,159,0.6875,0.3214286,75,10.79649482,0.182993897,10.39473685,0.108200215,10.36219818,0.145597056,9.759860567,0.108200215,11.04965735,0.182993897,0.6875,0.30357143,242,0.6875,0.30357143,65,10.53974656,0.122258126,10.45629828,0.034842667,10.39535923,0.078550397,9.520205344,0.034842667,10.70531755,0.122258126,0.6625,0.2857143,202,0.6625,0.2857143,47,10.49040663,0.085767607,10.46562152,0.056365611,10.33335286,0.071066609,10.03365147,0.056365611,10.55973565,0.085767607,0
0.725,0.3214286,0.725,0.3214286,90,10.43922363,0.247473377,10.40147219,0.13723965,10.37321853,0.192356514,9.540422263,0.13723965,11.91483797,0.247473377,0.7,0.3214286,176,0.7,0.3214286,82,10.45323668,0.194503666,10.48527745,0.120492021,10.42628198,0.157497843,9.744752332,0.120492021,11.31884889,0.194503666,0.675,0.2857143,202,0.675,0.2857143,81,9.890335178,0.125412272,10.43286586,0.125412272,10.39759168,0.125412272,9.890335178,0.125412272,10.7372231,0.125412272,0.675,0.3214286,192,0.675,0.3214286,68,10.23149841,0.139499166,10.44079662,0.114968707,10.33894031,0.110980027,9.929518006,0.078472207,10.52522879,0.139499166,0
0.725,0.35714287,0.725,0.35714287,58,9.154698131,0.293196489,10.46775761,0.293196489,10.42964467,0.293196489,9.154698131,0.293196489,11.91237332,0.293196489,0.675,0.3214286,216,0.675,0.3214286,57,10.18369365,0.117831144,10.47378348,0.125650922,10.34583303,0.121741033,9.959018727,0.117831144,10.74879317,0.125650922,0.675,0.30357143,226,0.675,0.30357143,58,10.37933355,0.129987856,10.39269285,0.100189173,10.36214853,0.115088514,9.925408098,0.100189173,10.61210183,0.129987856,0.6375,0.2857143,236,0.6375,0.2857143,46,10.51584633,0.066577436,10.36441668,0.140278737,10.35963853,0.103428086,9.900079081,0.066577436,10.68990845,0.140278737,0
0.75,0.37500003,0.75,0.37500003,66,10.46435595,0.104667249,10.29605721,0.104667249,10.51744797,0.104667249,9.845602007,0.104667249,11.5004468,0.104667249,0.6875,0.3214286,142,0.6875,0.3214286,81,10.42171242,0.200779354,10.50311207,0.057840652,10.36116856,0.129310003,9.762026712,0.057840652,11.14357448,0.200779354,0.675,0.3214286,317,0.375,0.21428573,76,10.5567539,0.127116285,10.36407916,0.133695944,10.36139565,0.13967982,9.470971757,0.127116285,10.97874712,0.158227232,0.6875,0.3214286,358,0.6875,0.3214286,55,10.43146971,0.107700622,10.38484093,0.124112403,10.36523448,0.108604722,10.01921588,0.09400114,10.53686831,0.124112403,0
0.725,0.35714287,0.725,0.35714287,65,10.36326649,0.132200193,10.16040737,0.149400019,10.3935834,0.175387903,9.356903395,0.132200193,11.5007028,0.244563498,0.6625,0.30357143,276,0.6625,0.30357143,57,10.20248759,0.094223304,9.447122266,0.055776166,10.31680277,0.074999735,9.447122266,0.055776166,10.79622573,0.094223304,0.6625,0.30357143,259,0.6625,0.30357143,58,9.671845243,0.128527095,10.43678255,0.058864542,10.39446069,0.093695818,9.671845243,0.058864542,10.70499755,0.128527095,0.6625,0.2857143,284,0.4125,0.23214287,72,10.32352728,0.043199242,10.16057181,0.088882821,10.35581832,0.066041031,9.809080602,0.043199242,10.73896327,0.088882821,0
0.725,0.35714287,0.4375,0.25,83,9.570046535,0.153646401,10.41981657,0.153646401,10.45734569,0.153646401,9.570046535,0.153646401,11.49004226,0.153646401,0.6875,0.3214286,142,0.6875,0.3214286,74,10.05334134,0.085830427,10.37857388,0.03192486,10.35675446,0.058877644,9.601682396,0.03192486,11.16969639,0.085830427,0.675,0.30357143,251,0.575,0.25,55,10.3666621,0.090540349,10.44627521,0.092900365,10.35646795,0.091720357,9.632894455,0.090540349,10.75656623,0.092900365,0.6625,0.30357143,259,0.6625,0.30357143,49,10.41053751,0.07036423,10.31516971,0.075307402,10.32656097,0.099587761,9.746874607,0.07036423,10.62243385,0.15309165,0
0.725,0.35714287,0.725,0.35714287,74,10.34455153,0.202529831,10.42883791,0.150437682,10.40825481,0.176483756,9.352366199,0.150437682,11.49993379,0.202529831,0.675,0.30357143,167,0.675,0.30357143,107,10.33988973,0.130885474,10.3138624,0.130885474,10.26354498,0.130885474,9.614123496,0.130885474,10.5285787,0.130885474,0.65000004,0.30357143,167,0.65000004,0.30357143,83,10.54360749,0.099498708,10.19093048,0.150709467,10.39011401,0.144885075,9.748428243,0.099498708,10.66707954,0.18444705,0.675,0.2857143,284,0.675,0.2857143,64,10.14909974,0.106684723,10.38119019,0.171862893,10.354917,0.139273808,10.11966913,0.106684723,10.53880316,0.171862893,0
0.7375,0.35714287,0.5,0.26785716,65,10.42006848,0.162231455,10.31676072,0.130824988,10.36457824,0.146528222,9.609296583,0.130824988,11.06666467,0.162231455,0.6875,0.30357143,167,0.6875,0.30357143,74,10.42068939,0.070210249,10.31903471,0.118010494,10.39585283,0.094110372,9.880886064,0.070210249,10.89568086,0.118010494,0.6875,0.2857143,217,0.6875,0.2857143,66,9.575992435,0.035921108,10.25086493,0.02586231,10.34618472,0.030891709,9.575992435,0.02586231,10.69626438,0.035921108,0.675,0.2857143,368,0.675,0.2857143,48,10.33384149,0.017153342,10.03242969,0.084226911,10.35074829,0.051335862,10.02503654,0.017153342,10.50975352,0.084226911,0
0.7375,0.35714287,0.7375,0.35714287,67,10.40979059,0.023982369,10.27762338,0.112656874,10.38725874,0.068319622,9.219577591,0.023982369,11.63731679,0.112656874,0.675,0.3214286,191,0.675,0.3214286,83,10.38310589,0.075399439,10.46124804,0.192878218,10.40365141,0.134138829,9.702831037,0.075399439,10.74668855,0.192878218,0.6625,0.2857143,234,0.6625,0.2857143,73,10.45304128,0.149740763,10.36355029,0.083180623,10.35758398,0.116460693,9.786335696,0.083180623,10.56596471,0.149740763,0.65000004,0.2857143,243,0.65000004,0.2857143,57,10.4155952,0.134735683,10.4155708,0.114218811,10.3420443,0.124477247,9.986859321,0.114218811,10.52441629,0.134735683,0
0.75,0.35714287,0.75,0.35714287,83,10.44812886,0.102133312,10.2991474,0.171869815,10.42852965,0.137001563,9.375233039,0.102133312,11.61881544,0.171869815,0.6625,0.2857143,184,0.4125,0.21428573,90,10.4666829,0.111064415,10.52840462,0.127881266,10.37281903,0.11947284,9.926465099,0.111064415,10.80437135,0.127881266,0.6625,0.2857143,210,0.6125,0.26785716,65,10.47424952,0.122595747,10.38296233,0.11770816,10.36046551,0.120151954,9.817194925,0.11770816,10.66531999,0.122595747,0.65000004,0.2857143,225,0.65000004,0.2857143,65,9.819255948,0.130005966,10.38999159,0.126448333,10.3615481,0.12822715,9.819255948,0.126448333,10.74042283,0.130005966,0
0.7,0.3214286,0.675,0.2857143,88,9.954018482,0.025897349,10.09301434,0.07546864,10.36382329,0.050682995,9.954018482,0.025897349,11.01394994,0.07546864,0.675,0.3214286,227,0.675,0.3214286,65,9.946821865,0.094675203,10.34808859,0.121985277,10.37580359,0.10833024,9.946821865,0.094675203,10.92075819,0.121985277,0.6375,0.2857143,367,0.6375,0.2857143,65,10.31563322,0.146370538,10.51262755,0.168495449,10.35696525,0.153335366,9.975736518,0.131935215,10.62685155,0.168495449,0.6625,0.30357143,485,0.6625,0.30357143,55,10.41890268,0.155929886,10.53088834,0.151362651,10.34301777,0.145931624,9.863767203,0.130502333,10.59655781,0.155929886,0
0.6875,0.3214286,0.6125,0.25,65,10.28505333,0.130421444,10.39455502,0.130421444,10.35955315,0.130421444,9.580832975,0.130421444,11.35606265,0.130421444,0.6375,0.2857143,185,0.3625,0.17857143,72,10.6504475,0.088747217,10.48051655,0.094129312,10.38307537,0.091438264,9.972570615,0.088747217,10.71812854,0.094129312,0.6,0.26785716,243,0.4375,0.21428573,66,10.44836684,0.093497587,10.50790804,0.054181671,10.34248138,0.073839629,9.887181871,0.054181671,10.53150004,0.093497587,0.625,0.26785716,201,0.38750002,0.21428573,59,10.50411247,0.071208856,9.631042769,0.161282797,10.32309457,0.105541733,9.631042769,0.071208856,10.52888999,0.161282797,0
0.7625,0.35714287,0.45000002,0.26785716,80,10.33464287,0.044318973,9.36056438,0.044318973,10.14712696,0.044318973,9.298039968,0.044318973,11.62090158,0.044318973,0.71250004,0.3214286,119,0.4,0.23214287,64,10.75736379,0.08147868,10.86755481,0.08147868,10.43084352,0.08147868,8.753363068,0.08147868,11.27533515,0.08147868,0.71250004,0.3214286,118,0.6375,0.25,40,9.592584509,0.136908531,10.86171198,0.136908531,10.28853594,0.136908531,9.513079136,0.136908531,10.89609847,0.136908531,0.71250004,0.3214286,125,0.625,0.26785716,49,10.32267519,0.085951114,10.0791026,0.181045156,10.22613505,0.181853948,9.269589662,0.085951114,10.66076331,0.278565575,1
0.7875,0.37500003,0.6875,0.2857143,57,9.225261094,0.191943195,10.55682746,0.191943195,10.69067951,0.191943195,9.225261094,0.191943195,12.27690415,0.191943195,0.7625,0.35714287,117,0.6625,0.30357143,58,9.525819894,0.160252103,10.81488444,0.160252103,10.3232638,0.160252103,8.881634951,0.160252103,11.71494256,0.160252103,0.75,0.33928573,134,0.45000002,0.26785716,56,10.50682104,0.210745505,10.34683179,0.210745505,10.16389778,0.210745505,8.686791962,0.210745505,11.21688892,0.210745505,0.7625,0.33928573,135,0.52500004,0.2857143,57,10.58818348,0.230180906,9.255498331,0.016473158,10.27092153,0.10958728,8.972357548,0.016473158,10.69860056,0.230180906,1
0.8,0.39285716,0.58750004,0.25,57,10.0880681,0.270981392,8.273421429,0.162501922,10.22638994,0.216741657,8.273421429,0.162501922,12.53749435,0.270981392,0.75,0.35714287,124,0.4125,0.21428573,67,10.45241416,0.127588471,10.4936484,0.127588471,10.66838093,0.127588471,9.685865999,0.127588471,11.73703607,0.127588471,0.7375,0.33928573,109,0.5375,0.2857143,50,8.736883651,0.131983676,10.25445538,0.131983676,10.29422458,0.131983676,8.736883651,0.131983676,11.28609515,0.131983676,0.7375,0.33928573,107,0.5625,0.26785716,59,8.827117308,0.230557336,10.40279982,0.058040125,10.25746311,0.14429873,8.827117308,0.058040125,10.7354211,0.230557336,1
0.8,0.39285716,0.575,0.2857143,74,8.578844511,0.125158805,11.11024417,0.125158805,10.57675958,0.125158805,8.578844511,0.125158805,11.93212063,0.125158805,0.7875,0.35714287,126,0.6,0.2857143,74,10.33745315,0.123780432,9.882585014,0.123780432,10.20884554,0.123780432,8.457822259,0.123780432,11.80937142,0.123780432,0.75,0.35714287,117,0.6625,0.2857143,66,10.86398195,0.174808343,10.80911873,0.174808343,10.30747329,0.174808343,8.848726525,0.174808343,11.63313857,0.174808343,0.75,0.35714287,116,0.6625,0.2857143,66,9.87184536,0.071154621,10.35014912,0.048712506,10.33915988,0.157204054,8.699959606,0.048712506,11.33290606,0.351745036,1
0.8125,0.39285716,0.58750004,0.2857143,73,9.142310875,0.820576991,10.11362968,0.820576991,10.91458724,0.820576991,9.142310875,0.820576991,12.96503737,0.820576991,0.77500004,0.39285716,118,0.5375,0.2857143,65,9.406571634,0.252235093,11.22728028,0.252235093,10.40155386,0.252235093,8.724521673,0.252235093,12.24617438,0.252235093,0.75,0.35714287,126,0.6,0.2857143,49,10.67635052,0.131272858,10.35750494,0.131272858,10.31809072,0.131272858,8.531871234,0.131272858,11.89205276,0.131272858,0.7625,0.35714287,127,0.6125,0.2857143,57,10.59760056,0.064815851,10.66553792,0.038486246,10.22710332,0.061274492,9.01600245,0.038486246,10.73749155,0.080521379,1
0.8125,0.39285716,0.7,0.2857143,55,9.527921826,0.505542637,10.14730784,0.505542637,10.66359402,0.505542637,9.527921826,0.505542637,12.28394233,0.505542637,0.8125,0.35714287,126,0.6625,0.2857143,65,10.26474366,0.221877941,11.08738879,0.221877941,10.48377185,0.221877941,8.729326287,0.221877941,12.13487433,0.221877941,0.75,0.35714287,127,0.5625,0.2857143,57,10.45940321,0.090914219,10.6637606,0.090914219,10.25620872,0.090914219,8.833909483,0.090914219,11.20743486,0.090914219,0.75,0.35714287,118,0.4875,0.2857143,65,10.83323013,0.074223749,10.40070472,0.100633426,10.21623235,0.115990423,9.112779003,0.074223749,10.8572943,0.173114096,1
0.7625,0.35714287,0.675,0.2857143,56,10.19786094,0.489846898,8.823855848,0.112221361,10.27330118,0.301034129,8.779132598,0.112221361,12.08966679,0.489846898,0.7625,0.35714287,142,0.4625,0.26785716,58,11.02319596,0.060973899,10.37515848,0.060973899,10.58711888,0.060973899,9.946714122,0.060973899,11.54487906,0.060973899,0.7375,0.33928573,126,0.575,0.26785716,57,8.938118826,0.111666299,10.80525901,0.111666299,10.34442733,0.111666299,8.938118826,0.111666299,10.93532631,0.111666299,0.7625,0.35714287,118,0.6875,0.2857143,65,10.35222659,0.362055927,10.43972117,0.679011558,10.23068965,0.359628787,9.085734443,0.037818876,11.30800713,0.679011558,1
0.77500004,0.39285716,0.55,0.2857143,66,10.35310703,0.096265344,11.10446429,0.096265344,10.40184671,0.096265344,8.733049705,0.096265344,11.76193317,0.096265344,0.75,0.35714287,134,0.575,0.2857143,57,10.29743069,0.072083226,9.987776867,0.072083226,10.2853286,0.072083226,8.853665877,0.072083226,11.36668619,0.072083226,0.75,0.35714287,127,0.6625,0.2857143,55,10.45790709,0.114005354,11.10234027,0.114005354,10.3288218,0.114005354,9.303734578,0.114005354,11.10234027,0.114005354,0.7375,0.33928573,125,0.6,0.2857143,75,10.02346474,0.191501131,10.43086392,0.061175964,10.35890596,0.187764602,9.107516623,0.061175964,10.99875451,0.31061671,1
0.8125,0.39285716,0.71250004,0.26785716,65,9.467392946,0.04564392,10.18861425,0.04564392,10.5254363,0.04564392,9.467392946,0.04564392,11.96229888,0.04564392,0.77500004,0.35714287,134,0.675,0.2857143,74,10.49115202,0.073339868,11.07923673,0.073339868,10.38911497,0.073339868,9.130602048,0.073339868,11.55444645,0.073339868,0.75,0.35714287,125,0.5125,0.2857143,74,10.95392474,0.181336504,10.76862807,0.181336504,10.31268726,0.181336504,9.424709368,0.181336504,11.20028209,0.181336504,0.725,0.3214286,128,0.5625,0.2857143,63,10.20017631,0.215376037,10.50902999,0.071187115,10.31249106,0.134542387,9.246787384,0.071187115,10.93391502,0.215376037,1
0.8,0.39285716,0.6625,0.26785716,66,10.19001147,0.080215871,10.45450102,0.081949726,10.35030274,0.081082798,9.063268408,0.080215871,11.97671794,0.081949726,0.7625,0.37500003,143,0.6875,0.3214286,57,8.680373734,0.074736071,10.3714473,0.074736071,10.39320825,0.074736071,8.680373734,0.074736071,11.08779034,0.074736071,0.7375,0.33928573,134,0.6125,0.2857143,56,10.43518061,0.155171075,10.75011371,0.155171075,10.34293572,0.155171075,9.692787362,0.155171075,10.94493431,0.155171075,0.7375,0.35714287,136,0.65000004,0.2857143,58,10.44661397,0.191017634,10.24714309,0.228857074,10.2913718,0.143781346,9.363772883,0.011469331,10.90352559,0.228857074,1
0.8,0.39285716,0.575,0.30357143,66,10.5107581,0.111096577,10.9189072,0.111096577,10.39360056,0.111096577,9.214945213,0.111096577,11.19704357,0.111096577,0.75,0.35714287,134,0.425,0.21428573,66,10.48015186,0.247587483,9.993984392,0.247587483,10.26266346,0.247587483,8.937430401,0.247587483,10.92942267,0.247587483,0.7375,0.33928573,109,0.5125,0.25,65,10.72920314,0.112148415,10.60909361,0.112148415,10.31431012,0.112148415,9.136107481,0.112148415,10.86645741,0.112148415,0.7375,0.33928573,118,0.71250004,0.3214286,74,9.996188921,0.108847253,10.53591918,0.009310148,10.33347174,0.073052779,9.467210264,0.009310148,11.02835395,0.108847253,1
0.77500004,0.37500003,0.6,0.2857143,64,9.490422131,0.17405462,10.16788631,0.17405462,10.55266618,0.17405462,9.490422131,0.17405462,11.78927657,0.17405462,0.75,0.35714287,125,0.55,0.2857143,66,10.21731796,0.250485548,10.87959977,0.250485548,10.37538814,0.250485548,9.196627095,0.250485548,10.99602182,0.250485548,0.75,0.33928573,101,0.55,0.2857143,57,10.40557604,0.149371709,10.27865561,0.149371709,10.15397916,0.149371709,9.703446302,0.149371709,10.54252603,0.149371709,0.7375,0.33928573,117,0.675,0.30357143,58,10.37275079,0.102820696,9.30469722,0.049483319,10.29951014,0.111458628,9.30469722,0.049483319,10.88618237,0.18207187,1
0.7875,0.37500003,0.625,0.2857143,65,10.3379235,0.395448703,12.0958013,0.395448703,10.47508057,0.395448703,9.023438378,0.395448703,12.0958013,0.395448703,0.77500004,0.35714287,134,0.4625,0.26785716,65,10.26436473,0.050719155,9.631869734,0.066984365,10.34900266,0.05885176,8.879827888,0.050719155,11.40373544,0.066984365,0.7625,0.35714287,117,0.6625,0.2857143,57,9.33614359,0.076678016,10.26363031,0.076678016,10.48051529,0.076678016,9.33614359,0.076678016,11.48814273,0.076678016,0.75,0.33928573,135,0.58750004,0.2857143,65,10.20542264,0.278406736,9.599104102,0.125330054,10.27402613,0.175007818,9.125836426,0.121286663,10.78593655,0.278406736,1
0.77500004,0.35714287,0.7,0.3214286,62,10.25501363,0.182073019,10.4104273,0.496893288,10.36596929,0.339483153,9.4777888,0.182073019,11.73129259,0.496893288,0.75,0.35714287,151,0.5125,0.2857143,66,10.41327818,0.060620786,10.88844863,0.060620786,10.36065273,0.060620786,9.588826984,0.060620786,10.91842199,0.060620786,0.7375,0.35714287,125,0.4875,0.26785716,66,10.47226041,0.06007346,10.06325907,0.06007346,10.21714678,0.06007346,9.426209242,0.06007346,10.75749752,0.06007346,0.725,0.33928573,125,0.45000002,0.26785716,67,10.38447465,0.242469769,10.53259309,0.055860611,10.34050438,0.151198859,9.501612046,0.055860611,10.68908789,0.242469769,1
0.8,0.37500003,0.6875,0.30357143,56,9.1219817,0.079163436,10.24254315,0.079163436,10.34982132,0.079163436,9.1219817,0.079163436,11.31847782,0.079163436,0.7625,0.35714287,142,0.5,0.26785716,58,10.28030513,0.117897014,10.52747914,0.117897014,10.29959136,0.117897014,9.200913927,0.117897014,11.11268706,0.117897014,0.71250004,0.3214286,133,0.425,0.25,58,10.48675424,0.169640633,10.18488571,0.169640633,10.36360026,0.169640633,9.659152434,0.169640633,11.16001258,0.169640633,0.7375,0.33928573,118,0.5375,0.2857143,57,10.37285186,0.137929718,10.54818972,0.051070191,10.32284507,0.066830288,9.379754699,0.011490954,10.76749028,0.137929718,1
0.825,0.39285716,0.71250004,0.2857143,56,10.29065946,0.122059424,10.53602995,0.340861652,10.31386797,0.231460538,9.296991328,0.122059424,11.40565468,0.340861652,0.7375,0.35714287,160,0.5625,0.2857143,49,9.419972908,0.08654304,10.41346634,0.08654304,10.37855744,0.08654304,9.419972908,0.08654304,10.93292465,0.08654304,0.75,0.35714287,126,0.6,0.2857143,65,10.44185272,0.081052964,10.7045466,0.081052964,10.31656262,0.081052964,9.530878913,0.081052964,10.7045466,0.081052964,0.7625,0.35714287,117,0.675,0.2857143,66,10.55214355,0.185091027,9.82682719,0.027229089,10.28465133,0.173897741,9.62538766,0.027229089,10.83864663,0.309373108,1
0.8,0.35714287,0.5125,0.25,66,9.823000262,0.072005561,10.334643,0.072005561,10.62520967,0.072005561,9.823000262,0.072005561,11.86031763,0.072005561,0.75,0.35714287,134,0.675,0.30357143,56,10.46635207,0.076704835,11.06441511,0.076704835,10.39058127,0.076704835,9.269703445,0.076704835,11.44291722,0.076704835,0.7375,0.33928573,136,0.6625,0.30357143,48,10.65255003,0.233668541,10.02402718,0.233668541,10.24493384,0.233668541,9.338350987,0.233668541,10.65255003,0.233668541,0.75,0.33928573,126,0.5375,0.2857143,65,10.59039752,0.275262085,10.45930872,0.136799752,10.3590885,0.150708203,9.121154421,0.040062771,10.86422824,0.275262085,1
0.7875,0.35714287,0.5,0.2857143,56,10.39730147,0.132756638,10.47861696,0.132756638,10.26998626,0.132756638,8.833892351,0.132756638,11.48219512,0.132756638,0.75,0.35714287,126,0.6625,0.2857143,49,10.45033821,0.163425292,9.971198853,0.163425292,10.2717814,0.163425292,9.424178629,0.163425292,11.01646163,0.163425292,0.7375,0.33928573,152,0.6625,0.2857143,39,10.51664736,0.245168671,10.86998368,0.245168671,10.49851906,0.245168671,9.861458442,0.245168671,10.86998368,0.245168671,0.725,0.33928573,126,0.6,0.26785716,66,10.40653435,0.197734682,10.63925776,0.09316505,10.27069618,0.181178879,9.231403709,0.060737701,10.90400228,0.373078083,1
0.7625,0.35714287,0.6875,0.2857143,66,10.33554248,0.076671383,9.742645799,0.076671383,10.25714942,0.076671383,9.209262018,0.076671383,11.82317007,0.076671383,0.77500004,0.35714287,125,0.675,0.30357143,66,11.07090386,0.265787769,11.05388185,0.265787769,10.43296728,0.265787769,9.595304724,0.265787769,11.07090386,0.265787769,0.75,0.35714287,134,0.65000004,0.2857143,57,10.34443347,0.05011542,10.22740511,0.049307901,10.39382755,0.049711661,9.602532263,0.049307901,10.92313409,0.05011542,0.75,0.35714287,127,0.4125,0.23214287,72,9.101006887,0.204755251,9.795611267,0.650416158,10.28224466,0.29742579,9.101006887,0.03710596,10.93644663,0.650416158,1
0.77500004,0.35714287,0.5125,0.2857143,58,10.45979805,0.139306139,10.49412091,0.139306139,10.40783096,0.139306139,9.116896515,0.139306139,11.77682935,0.139306139,0.7375,0.3214286,126,0.6125,0.2857143,60,10.34080939,0.087064998,10.68075457,0.087064998,10.36244811,0.087064998,9.001754886,0.087064998,11.22096779,0.087064998,0.725,0.33928573,130,0.6375,0.2857143,49,10.78869933,0.199624445,10.06092635,0.199624445,10.30286782,0.199624445,9.53315549,0.199624445,10.79102099,0.199624445,0.75,0.33928573,136,0.4625,0.26785716,55,10.2840057,0.251886419,10.42746794,0.072503062,10.35400311,0.193905858,9.311796051,0.072503062,10.89031346,0.257328093,1
